S No,Maker,JAN,FEB,MAR,APR,MAY,JUN,JUL,AUG,SEP,OCT,NOV,DEC,TOTAL
1,3EV INDUSTRIES PVT LTD,60,0,61,13,75,0,125,40,35,61,0,76,546
2,3S INDUSTRIES PRIVATE LIMITED,6,1,22,9,8,8,11,21,44,43,38,55,266
3,A1 HEAVY EQUIPMENTS DEVELOPER,2,1,4,6,3,1,1,1,4,1,1,0,25
4,A-1 SUREJA INDUSTRIES,0,0,0,0,0,0,0,0,1,0,0,0,1
5,AADHYA ENTERPRISES,40,37,60,35,59,89,64,117,85,75,75,61,797
6,AADITYA EMOTORS INDIA PVT LTD,0,0,0,0,0,0,0,1,0,0,0,0,1
7,AADITYA GARBAGE PRODUCTS PVT LTD,6,1,2,0,7,8,3,1,2,1,3,0,34
8,AAHANA COMMERCE PVT LTD,38,66,74,55,79,72,85,110,74,86,93,87,919
9,AARGEE ELECTRIC,0,0,0,0,5,4,4,0,0,5,0,0,18
10,AARON INDUSTRIES,23,2,2,1,0,6,2,0,0,0,0,0,36
11,A B EXCAVATORS & EARTHMOVERS PVT LTD,0,0,0,0,0,0,1,0,0,0,0,0,1
12,AB N DHRUV AUTOCRAFT (INDIA) PVT LTD,0,0,0,0,0,0,0,0,0,0,0,1,1
13,ABZO MOTORS PVT LTD,0,0,0,0,1,3,0,0,3,5,2,1,15
14,ACCRETION POWER AUTOS,36,51,63,57,41,56,57,50,33,37,43,74,598
15,ACTION CONSTRUCTION EQUIPMENT LTD.,726,700,825,610,861,1088,675,584,680,673,663,799,8884
16,A D AGRO WORKS,17,5,13,7,9,30,0,4,6,8,1,10,110
17,ADAPT MOTORS PVT LTD,0,1,0,1,0,0,1,0,0,0,0,1,4
18,ADICO ESCORTS AGRI EQUIPMENTS PVT. LTD.,104,92,89,45,39,134,722,495,157,129,105,212,2323
19,ADIDEV TECHNOA PVT LTD,39,46,23,31,42,54,65,60,91,103,50,85,689
20,ADISHAKTI TRACTORS,12,20,0,0,0,3,3,0,0,0,1,1,40
21,ADISHWAR AUTO RIDE INDIA PVT.LTD,0,0,1,0,0,0,0,0,0,0,0,0,1
22,ADISHWAR AUTO RIDE INDIA PVT LTD,46,42,54,20,27,21,24,43,29,26,28,23,383
23,ADITYA AGRO INDUSTRIES,5,4,2,4,9,12,6,1,9,6,1,4,63
24,ADITYA ENTERPRISES,0,0,0,0,0,1,0,0,0,1,0,0,2
25,ADITYA SAI INDUSTRIES,10,15,14,12,22,17,11,17,19,7,8,27,179
26,ADM TECHNOLOGIES PVT. LTD.,0,0,1,4,10,9,26,24,19,13,9,14,129
27,ADRIS ELECTRIC PVT LTD,40,7,4,5,0,2,0,0,1,1,1,0,61
28,AFTEK MOTORS INDIA PVT LTD,23,20,17,6,14,10,12,8,7,11,6,4,138
29,"AFZAL ENGG WORKS,JUNAGARH",0,0,0,0,1,0,1,0,0,0,0,0,2
30,AGRI KING TRACTORS & EQUIPMENTS PVT LTD,8,7,7,7,2,20,1,4,2,2,0,5,65
31,AGRO INDUSTRIES,13,20,21,7,23,16,10,4,3,8,11,13,149
32,AHITESHAM AGRO ENGINEERING,0,1,1,1,0,0,1,0,1,0,2,0,7
33,AHMED MOTORS,2,29,6,5,0,2,1,7,7,0,5,10,74
34,AJANTA KRUSHI YANTRA,23,15,0,0,4,2,9,0,17,25,0,0,95
35,AJAX ENGINEERING LTD,175,229,356,343,391,306,306,267,276,295,282,327,3553
36,AJAX FIORI ENGINEERING PVT LTD,0,0,3,2,0,2,0,0,0,0,0,0,7
37,"AJAY AGRO ENTERPRISES,SBP",0,3,0,1,0,1,0,1,0,1,0,0,7
38,AJAY ENGINEERING AND AGRICULTURAL EQUIPMENT CO.,0,1,0,0,3,2,0,1,1,0,0,1,9
39,AJAY ENTERPRISES,2,1,1,1,5,0,0,7,3,4,1,0,25
40,AJAY MOTORS PRIVATE LIMITED,13,15,16,15,22,12,11,17,13,21,22,13,190
41,AJIT ENGINEERING WORKS,3,0,0,0,1,2,0,0,0,0,0,0,6
42,AJS MOTORCYCLES LTD,0,1,1,0,0,0,0,0,0,0,0,0,2
43,AKAL AGRO INDUSTRY,0,2,2,1,1,1,0,0,4,4,1,0,16
44,AKASH AGRO INDUSTRIES,1,0,0,0,0,0,0,0,0,0,0,0,1
45,AKASH KRISHI YANTRA,0,0,0,0,0,1,0,0,0,0,0,0,1
46,AKASH TRAILOR,0,7,8,0,5,3,2,2,3,3,0,2,35
47,A K AUTTO ELECTRICAL,0,1,0,0,0,0,0,1,0,0,0,0,2
48,AKG INTERNATIONAL,0,0,0,0,0,0,0,0,0,7,51,80,138
49,A K GUPTA & CO.,28,49,48,46,46,53,42,60,41,68,37,45,563
50,A K S ENG AGRO INDUSTRIES,0,4,0,1,3,2,1,2,3,2,2,5,25
51,AKSHAYA AGRI EQUIPMENT & SERVICES PVT LTD,0,0,0,0,0,0,0,0,0,1,0,0,1
52,ALBEDO VISION PVT LTD,0,0,9,9,0,0,3,5,4,2,3,4,39
53,ALLENTTI MOTORS PVT LTD,0,0,0,0,0,0,2,8,13,10,7,19,59
54,ALLFINE INDUSTRIES PVT LTD,682,654,870,667,839,903,1013,963,1141,1101,959,960,10752
55,ALL TERRAIN CRANE,79,102,142,74,85,113,123,113,117,132,105,93,1278
56,ALPHA SERVICES,2,1,1,0,5,7,1,2,5,2,0,2,28
57,ALTIER ELECTRIC VEHICLES PVT LTD,176,173,198,139,154,157,272,207,209,267,273,296,2521
58,ALTIGREEN PROPULSION LABS PVT LTD,91,127,255,202,150,169,173,327,290,287,205,243,2519
59,ALTIUS EV TECH PVT LTD,7,5,10,4,0,5,5,0,0,1,0,0,37
60,ALTIUS TECHNOLOGIES,0,3,0,0,0,0,0,0,3,4,3,0,13
61,AMAN AGRO INDUSTRIES,4,4,7,2,5,2,2,4,6,2,5,5,48
62,AMAN AUTOMOBILES,0,0,0,0,0,0,1,4,0,3,3,3,14
63,AMAN ELECTRIC VEHICLES,1,3,4,1,4,10,6,0,28,26,43,36,162
64,AMAR AGRO SALES,1,1,0,0,1,2,0,0,0,0,0,0,5
65,AMAR ENGG. WORKS,0,2,0,0,0,15,0,0,0,0,0,0,17
66,AMARJEET HARVESTER INDUSTRY,4,2,4,1,1,5,3,0,0,2,2,1,25
67,AMBIKA ENTERPRISES,0,15,11,9,15,15,14,24,9,13,11,9,145
68,AMBIKA INDUSTRIES,87,62,86,106,150,191,206,241,236,197,158,190,1910
69,AMMANN APOLLO INDIA PVT LTD,11,17,14,18,20,21,13,14,29,26,21,18,222
70,AMO MOBILITY SOLUTIONS PVT LTD,312,246,258,133,280,111,59,113,26,14,10,12,1574
71,AMPERE VEHICLES PRIVATE LIMITED,4370,5850,9349,8324,9636,1603,1414,773,586,358,281,372,42916
72,AMPERE VEHICLES PVT LTD,0,0,8,0,0,0,0,0,0,0,0,0,8
73,AMRIT AGRO INDUSTRIES,0,0,0,0,0,0,0,0,0,0,1,0,1
74,"AMRIT ENGG WORKS,DKL",4,7,1,10,5,2,4,3,6,0,6,1,49
75,AMW MOTORS LIMITED,0,0,2,0,0,0,0,0,0,0,0,0,2
76,ANCHI MOTORCYCLE  (IMPORTER: ECOTRINITY AUTOMOBILE,1,4,4,1,1,3,1,7,4,12,6,7,51
77,ANCHI MOTORCYCLE (IMPORTER: EVNEXUS PVT. LTD.),0,0,0,0,0,0,2,2,1,1,1,1,8
78,ANCHI MOTORCYCLE(IMPORTER:GREEN FUEL ALTERNATIVES),0,0,0,0,0,1,2,0,7,0,2,1,13
79,ANCHI MOTORCYCLE (IMPORTER:HINDUSTAN EV MOTORS),0,0,0,0,0,0,0,0,0,0,1,0,1
80,ANCHI MOTORCYCLE (IMPORTER: YED ELECTRIC),0,0,0,0,0,0,1,14,15,15,8,8,61
81,ANDHRA PRADESH SCOOTERS LTD,0,0,0,0,1,0,0,0,0,0,0,0,1
82,ANJALI AUTO COMPONENTS,0,1,1,3,1,5,7,8,4,12,8,12,62
83,ANJALI TRADERS,4,2,1,2,4,7,7,6,11,10,9,12,75
84,ANKUSH AUTO DEALS,0,0,0,0,1,0,0,4,0,0,0,0,5
85,ANNAPURNA AGRO INDUSTRIES,0,0,0,0,0,1,0,0,0,0,0,0,1
86,ANNAPURNA INDUSTRIES,6,2,10,2,2,0,0,1,6,2,8,3,42
87,"ANUP ENTERPRISES,SNG",0,0,0,0,0,0,2,0,0,0,0,0,2
88,ANVITA AUTO TECH WORKS PVT LTD,2,5,2,2,6,3,1,1,3,0,0,1,26
89,APARNA INDUSTRIES,11,3,9,9,15,3,3,3,5,4,6,16,87
90,A P I MOTORS PVT LTD,99,122,132,149,106,86,70,114,69,58,60,69,1134
91,APM AUTO SALES,45,52,98,100,51,40,102,61,49,39,60,81,778
92,APOLLO CARMIX EQUIPMENTS PVT LTD,4,2,10,11,10,6,11,4,10,4,4,5,81
93,APOLLO CONSTRUCTION EQUIPMENTS PVT LTD,0,0,1,0,0,0,0,0,0,0,0,0,1
94,APSARA ENTERPRISE,29,39,39,36,28,61,77,67,113,102,60,74,725
95,APTEC EQUIPMENT PRIVATE LIMITED,1,1,1,1,2,0,3,2,0,0,0,2,13
96,A R AGRO TECH,0,0,0,0,0,0,0,0,0,0,0,2,2
97,ARCHIT ENTERPRISES,71,86,81,81,64,103,115,125,97,82,86,86,1077
98,ARD EXIM,6,1,6,4,5,11,3,4,8,1,2,11,62
99,ARIN TRACTORS PVT LTD,0,0,0,2,0,0,0,0,0,0,0,0,2
100,ARMIX CONSTRUCTION MACHINERY PVT LTD,1,0,0,0,1,1,1,0,0,1,0,0,5
101,ARNA ELECTRIC AUTO PVT LTD,25,31,39,46,46,41,51,79,68,61,65,38,590
102,ARROW AUTOMOTIVE,218,313,338,274,421,332,386,343,439,418,269,207,3958
103,ASHA IMPEX,4,2,3,3,14,10,13,2,3,11,8,13,86
104,ASHA METAL INDUSTRIES,0,0,0,0,0,0,1,0,0,0,0,0,1
105,ASHLESHA POWER CONTROLS PVT LTD,0,0,0,0,0,6,0,0,0,0,0,0,6
106,ASHMA-MOTORS PVT LTD,0,0,0,0,0,0,0,35,54,78,61,66,294
107,"ASHOK FABRIC & ENGG,RAIRAKHOL",0,1,0,0,0,0,0,0,0,0,0,1,2
108,ASHOK LEYLAND DEFENCE SYSTEMS LTD,0,0,0,0,0,0,0,1,1,3,0,0,5
109,ASHOK LEYLAND JOHN DEERE CONST EQUIP COMP PVT LTD,1,0,0,0,0,0,0,0,0,0,0,0,1
110,ASHOK LEYLAND LTD,14569,14564,17308,16774,14524,12671,12346,12136,13344,14916,13700,12050,168902
111,ASHOK STEEL INDU,0,0,0,0,0,0,0,0,3,0,0,0,3
112,ASSAM FABRICATION WORKS,4,3,9,3,2,1,4,1,6,0,4,8,45
113,ASTON MARTIN LAGONDA LTD,0,2,1,0,0,0,1,1,0,1,0,0,6
114,ATHER ENERGY LTD,9226,10071,12184,7802,15434,4603,6685,7157,7195,8486,9343,6553,104739
115,ATLAS AUTO INDUSTRIES,0,0,0,0,1,0,0,0,0,0,0,0,1
116,ATLAS COPCO INDIA LTD,0,1,0,0,0,0,0,0,0,0,0,0,1
117,ATOMEX E-MOTORS INDIA PVT LTD,1,0,0,0,0,0,0,0,0,0,0,0,1
118,ATTOLENT AUTO GROUP PVT LTD,55,37,37,59,62,88,67,81,93,71,50,60,760
119,ATUL AUTO LTD,1837,1976,2477,1565,1568,1640,1408,1719,2162,2186,2108,1939,22585
120,ATUL GREENTECH PRIVATE LIMITED,0,0,0,4,0,1,0,0,30,32,30,31,128
121,ATUMOBILE PVT LTD,0,3,24,6,15,13,7,7,5,5,7,13,105
122,ATUT SANGAM,156,85,123,127,177,165,235,193,263,192,313,307,2336
123,AUDI AG,183,156,150,148,162,129,115,86,77,59,48,75,1388
124,AUM ENGINEERING AND WORKS,0,0,0,0,0,0,0,0,0,0,2,3,5
125,AUTOCROLA INDIA LTD,0,0,1,0,0,0,0,0,0,0,0,0,1
126,AUTOECO GREEN ENERGY PVT LTD,24,40,47,26,42,47,85,49,59,64,43,54,580
127,AUTOHAUS PRIVATE LIMITED,16,30,19,4,8,4,10,4,2,4,0,2,103
128,AUTOLITE (INDIA) LIMITED,3,4,2,0,0,1,0,0,0,0,0,1,11
129,AUTOMOBILI LAMBORGHINI S.P.A,3,2,2,4,4,9,5,1,4,21,11,6,72
130,A.V.AUTOMOTIVES PVT LTD,73,67,124,92,94,101,100,136,148,118,133,125,1311
131,AVL ELECTRIC VEHICLES PVT LTD,186,160,226,147,207,152,231,241,246,232,335,269,2632
132,AVON CYCLE LTD INDIA,8,4,0,0,0,0,0,0,0,0,0,0,12
133,AVON CYCLES LTD,69,61,85,70,61,67,69,73,54,59,54,62,784
134,AVTAR ENGINEERING WORKS,2,1,3,1,1,4,0,0,0,0,0,0,12
135,AWACHAT INDUSTRIES LTD,115,94,105,91,75,69,38,37,49,149,71,86,979
136,AYAAN ELECTRONIC PVT LTD,8,19,10,9,10,11,8,9,8,8,6,6,112
137,B24 ROKET EV,0,0,0,0,0,0,0,0,0,0,0,28,28
138,BABA E RICKSHAW & C BATTERIES,0,0,0,0,0,0,0,0,0,0,0,1,1
139,BABA E-VEHICLES,67,93,107,78,143,138,147,180,126,148,68,68,1363
140,BABA HARI DAS FABRICATION,0,1,0,0,0,0,0,1,1,0,2,1,6
141,BABAJI ENGINEERING TRAILOR WORKS,0,0,0,0,0,0,0,0,0,2,1,3,6
142,BABA PRODUCT,10,2,2,1,0,51,10,1,4,15,13,24,133
143,BAGHWAN RIKSHAW UDYOG,0,0,0,0,13,7,3,4,7,1,1,4,40
144,BAILI MOTOR (IMPORTER:A B MOTOSS EV PVT LTD),0,0,0,0,0,0,0,0,0,0,3,1,4
145,BAJAJ AUTO LTD,165623,168960,194763,172949,215857,196964,180861,185056,187831,221530,314635,214067,2419096
146,BAJAJ IMPLEMENTS PVT. LTD,40,47,80,75,64,93,48,82,123,155,68,72,947
147,BAL AGRO INDUSTRIES,0,0,0,1,0,0,0,0,0,0,0,0,1
148,BALAJEE ENGINEERING,1,0,0,0,0,0,0,0,0,0,0,0,1
149,BALAJI AGRO INDUSTRIES,2,0,0,8,0,4,2,1,8,11,7,7,50
150,BALAJI ENGINEERING,0,0,0,0,0,0,0,0,0,0,0,1,1
151,BALAJI TRADING COMPANY,0,0,0,0,0,0,0,0,0,0,4,3,7
152,BALAN ENGINEERING PVT LTD,2,6,6,70,9,9,25,6,5,5,2,1,146
153,BALBIR INDUSTRIES,0,0,1,0,1,4,0,0,0,0,0,0,6
154,BAL GOPAL WHEELS PVT LTD,1,1,1,6,5,3,10,12,20,16,19,11,105
155,BALI AUTO INDUSTRIES,37,20,26,19,40,21,13,10,14,22,28,24,274
156,BALJEET ENGG. WORKS,0,0,2,1,0,0,0,0,0,0,0,0,3
157,BALJEET KRISHI YANTRA,0,0,0,0,0,2,0,0,0,0,0,0,2
158,BANKU BODY BUILDER,0,3,2,1,1,1,0,1,2,0,2,2,15
159,BANSAL AGRICULTURE IMPLEMENTS,0,0,0,0,0,0,0,0,0,1,1,0,2
160,"BASUDEB ENGINEERING, CUTTACK",3,6,0,4,2,2,1,0,3,0,1,1,23
161,BATTRE ELECTRIC MOBLITY PVT LTD,170,129,81,652,1199,83,135,291,257,230,668,244,4139
162,"BAUTI ENGINEERING,NAYAGARH",0,1,2,0,2,1,0,1,1,1,0,1,10
163,BAXY LTD,0,0,0,0,0,0,0,0,3,43,117,227,390
164,BEML LIMITED,0,0,2,2,0,2,0,1,0,2,0,2,11
165,BENLING INDIA ENERGY AND TECHNOLOGY PVT LTD,571,337,446,340,269,253,195,143,167,104,101,79,3005
166,BENTINCK INDUSTRIES PVT. LTD.,39,25,23,34,25,33,27,20,45,48,41,22,382
167,BENTLEY MOTORS LIMITED,9,3,4,3,7,5,4,4,4,9,4,5,61
168,BEST WAY AGENCIES PVT LTD,515,460,597,536,598,703,768,839,889,666,677,654,7902
169,BESTWAY AGENCIES PVT LTD,23,20,2,0,0,1,0,0,0,0,0,0,46
170,BESTWAY BANARASH,0,0,0,4,0,0,0,0,0,0,0,8,12
171,BGAUSS AUTO PRIVATE LIMITED,716,667,781,771,1814,191,661,923,935,1171,1609,1215,11454
172,BHADAURIA ENTERPRISES,1,3,5,4,4,2,10,27,16,7,16,11,106
173,BHAGWAN AGRO INDUSTRIES,5,5,8,2,6,20,0,0,2,6,0,1,55
174,BHAGYALAXMI TRAILER,1,0,0,1,0,0,0,0,0,1,0,0,3
175,BHARATH AGRO PRODUCTS,0,0,4,2,0,0,0,0,0,0,0,0,6
176,BHARATH ENGINEERING WORKS,0,0,0,0,1,0,0,0,0,0,0,0,1
177,BHARAT MANUFACTURING & ASSEMBLING E RIKSHA,0,1,1,0,0,0,0,0,0,0,0,0,2
178,BHAVE ELECTRIC VEHICLES PVT LTD,121,167,185,189,212,206,293,271,256,328,197,256,2681
179,BHM INDUSTRIES,81,78,129,128,130,150,175,208,182,178,160,215,1814
180,BHOGAL COMBINE SPARE PARTS,0,0,0,3,7,8,0,0,0,1,9,6,34
181,BHOYAR AGRO IND WARDHA,9,9,3,5,4,15,3,2,7,2,1,8,68
182,BIDISHA ENTERPRISES PVT LTD,1,1,0,2,1,1,1,0,1,2,0,0,10
183,BIG BULL TRADER PVT LTD,21,24,31,73,72,82,54,44,81,49,61,81,673
184,BIJNOR ENTERPRISES,19,13,8,2,0,6,4,6,0,4,7,3,72
185,BLACK PEARL AUTOMOTIVE SOLUTIONS PVT LTD,0,0,0,0,0,0,0,0,1,0,0,0,1
186,BLIX CYCLES AND E-VEHICLES PVT LTD,10,8,13,6,4,3,1,7,5,0,5,3,65
187,BLUE ENERGY COMMERCIAL VEHICLES PVT. LTD.,0,13,23,11,22,13,4,54,8,40,49,7,244
188,BMW INDIA PVT LTD,1413,1365,1737,1539,1723,1715,1766,1775,1875,1817,1858,1682,20265
189,BOOMA INNOVATIVE TRANSPORT SULUTIONS PVT LTD,2,3,7,3,4,3,75,14,29,9,33,25,207
190,BOUNCE ELECTRIC 1 PVT LTD,520,416,363,324,720,164,198,132,153,104,246,225,3565
191,BRIGHT AUTOZONE PVT LTD,306,237,259,247,269,303,298,308,348,321,340,459,3695
192,BRIGHT METAL WORKS,11,2,10,5,0,0,1,0,0,2,0,0,31
193,BSA MOTORS,5,0,1,4,4,2,4,1,1,2,0,3,27
194,BSMS AGRICULTURE WORKSHOP,0,3,10,2,2,11,0,8,7,4,4,6,57
195,BUCHER MUNICIPAL (IMPORTER: PAMTEC ENVIRO),0,0,0,1,0,0,0,0,0,4,4,0,9
196,BULL MACHINES PVT LTD,82,80,69,85,76,66,61,70,74,90,111,56,920
197,BYD AUTO,0,0,0,4,0,0,0,0,0,0,0,0,4
198,BYD INDIA PRIVATE LIMITED,140,242,483,206,146,185,118,106,187,145,141,179,2278
199,CAPITAL AUTO INDUSTRIES,152,105,151,187,151,171,195,149,227,187,153,111,1939
200,CAPTAIN TRACTORS PVT. LTD.,236,249,133,117,75,226,1232,1055,159,164,130,285,4061
201,CARREE YUNUS VEHICLE PVT LTD,0,0,0,0,0,0,0,0,0,0,3,0,3
202,CART INDIA,0,6,0,2,6,26,18,11,12,5,0,23,109
203,CASE EQUIPMENT PRIVATE LTD,1,0,0,1,0,3,1,0,0,0,0,0,6
204,CASE NEW HOLLAND CONSTRUCTION EQUIPMENT(I) PVT LTD,128,141,157,134,205,128,113,127,145,144,187,163,1772
205,CATERPILLAR INDIA PRIVATE LIMITED,174,168,166,180,164,129,123,135,146,165,175,164,1889
206,CEEON INDIA,44,45,68,63,75,91,95,74,82,101,64,72,874
207,CHAANY AGRO INDUSTRIES,0,0,0,0,4,4,0,0,0,0,0,0,8
208,CHAMPION POLY PLAST,1147,1242,1312,987,1219,1175,1420,1357,1317,1259,1142,1302,14879
209,CHANDANA CORPORATION,42,61,63,46,46,36,59,41,29,17,31,30,501
210,CHANNY AGRO INDUSTRIES,2,0,1,0,2,8,0,0,0,0,0,2,15
211,CHARUVIKRAM AUTOMOBILE PVT LTD,0,0,4,2,0,0,0,0,0,0,0,0,6
212,CHAUHAN AUTO INDUSTRIES,68,32,23,19,48,48,59,47,64,69,58,36,571
213,CHEHAK BATTERIES,16,11,17,22,11,20,47,37,32,24,21,32,290
214,CHETAK TECHNOLOGY LIMITED,627,1319,2346,373,98,3,3,8,1,0,74,0,4852
215,CHEVROLET SALES INDIA PVT LTD,0,0,0,1,0,0,0,0,0,0,0,0,1
216,CHINA HAOCHEN (IMPORTER: ADMS MARKETING),0,0,0,3,9,9,30,14,40,6,10,15,136
217,CHONGQING CHARMING (IMPORTER: AYAAN ELECTRONICS).,0,0,1,0,0,0,0,0,0,0,0,1,2
218,CHRYSLER MOTORS PVT LTD,0,2,0,0,0,0,0,0,0,0,0,0,2
219,CIMMCO LIMITED,0,0,0,0,0,0,0,1,0,0,0,0,1
220,CITADEL ENTERPRISES(OPC) PVT LTD,4,4,2,0,5,5,3,0,0,0,3,2,28
221,CITYGREEN AUTO & PETRO CHEMICALS (P) LTD,68,64,103,66,75,106,81,76,91,55,73,72,930
222,CIVIMEC ENGINEERING PVT LTD,0,1,0,0,2,1,0,0,0,1,1,0,6
223,CLAAS AGRICULTURAL MACHINERY PVT LTD,0,0,0,0,0,1,0,0,0,0,0,0,1
224,CLAAS INDIA P LTD,10,11,21,6,4,21,0,1,2,5,1,8,90
225,CLASSIC LEGENDS PVT LTD,3643,3214,3326,2311,2372,2620,2188,2370,2483,2776,3317,2526,33146
226,C M OVERSEAS,0,1,2,0,8,2,1,1,22,12,0,1,50
227,CNH INDUSTRIAL (INDIA) PVT LTD,2868,2666,3360,2278,2870,5577,3192,2387,1908,2492,2350,3367,35315
228,CONMAT HEAVY INDUSTRIES PVT LTD,11,12,17,9,16,6,5,3,9,6,7,10,111
229,CONTINENTAL ENGINES PVT LTD,439,452,422,348,458,424,535,499,399,455,414,330,5175
230,CRANE KRAFT INDIA PRIVATE LIMITED,10,11,12,4,18,26,5,13,10,6,8,11,134
231,CREATIVE ENGINEERINGS,0,0,0,0,1,0,0,0,0,0,0,0,1
232,CYRUS AUTO INDUSTRIES PVT LTD,6,8,12,4,2,7,15,11,16,1,1,13,96
233,DAIMLER AG,0,0,3,1,0,0,0,0,0,0,0,0,4
234,DAIMLER INDIA COMMERCIAL VEHICLES PVT. LTD,1812,1801,2147,1902,1826,1575,1503,1508,1684,1955,1842,1550,21105
235,DAKSH INDUSTRIES,365,312,340,324,424,557,621,622,557,649,556,598,5925
236,DALIP SINGH & SONS,1,1,2,2,0,1,0,0,0,0,0,0,7
237,DAO EVTECH PRIVATE LIMITED,17,18,37,21,11,39,28,25,30,14,28,15,283
238,DASHMESH MECH WORKS PVT LTD,0,0,1,0,0,2,0,0,0,0,0,0,3
239,DASHMESH TRADERS,3,0,31,1,14,11,3,7,9,20,15,9,123
240,DASMESH AGRICULTURAL INDUSTRIES PVT LTD,0,0,2,0,0,2,0,0,0,0,0,0,4
241,DASMESH AGRICULTURE WORKS,6,3,6,2,1,11,0,0,3,0,1,1,34
242,DASMESH MECHANICAL WORKS PVT.LTD,38,45,109,20,17,129,4,1,5,24,15,12,419
243,DAVE EXIM PVT LTD,14,3,12,39,60,32,30,29,27,20,21,24,311
244,DD AUTO PVT LTD,0,2,0,0,0,0,0,0,0,0,0,0,2
245,DEEP DRAWN TECHNOLOGIES,0,0,0,0,0,0,0,0,0,3,4,5,12
246,"DEEPTI ENGINEERING AND IRON AND STEEL INDUSTRY, MALKANGIRI",3,1,0,1,0,1,3,0,7,3,3,0,22
247,DE EUSI MOTORS PVT LTD.,62,89,116,132,152,139,151,155,170,150,125,122,1563
248,DELTA AUTOCORP LTD,151,158,205,178,213,230,245,193,219,237,204,232,2465
249,DELTEK ENTERPRISES PVT LTD,0,0,0,0,0,0,1,5,0,1,0,1,8
250,DEMAG AC 300,0,1,0,0,0,0,0,0,0,0,0,0,1
251,DEMAG DEMAG HC 340,1,0,4,1,1,2,4,4,0,2,1,0,20
252,DEMAGE MOTORS LTD,0,0,0,0,0,0,1,0,0,0,0,0,1
253,DEV AGRO INDUSTRIES,2,0,1,1,2,1,0,1,0,1,0,0,9
254,DEVAM ELECTRIC VEHICLES PVT LTD,0,0,0,0,0,0,0,0,0,0,6,6,12
255,DEVANGI ENG..,24,25,12,1,0,25,16,21,13,1,1,15,154
256,DEV ENGINEERING WORKS,1,2,6,8,5,2,0,0,1,1,1,0,27
257,DEVI ENGINEERING WORKS,0,0,1,0,0,0,0,5,0,0,1,0,7
258,DEWAN AGRICULTURE WORKS,0,1,0,1,3,12,0,0,0,0,0,0,17
259,DHANALAKSHMI ENGINEERING WORKS,3,2,3,4,2,0,2,5,3,2,1,1,28
260,DHANAVENKAT ENGG.WORKS,0,1,0,0,1,0,0,0,0,0,0,0,2
261,DHANLAXMI FABRICATORS,0,0,0,0,0,0,0,0,0,0,0,1,1
262,DHAR IN PVT LTD,0,6,3,0,0,1,0,0,5,1,4,9,29
263,DHAR INTERNATIONAL,2,4,3,3,6,3,2,2,2,4,2,1,34
264,DHARMRAJ AGRO IND.,1,0,0,0,0,0,0,0,0,0,0,0,1
265,DHIMAN AGRICULTURE,2,2,3,1,0,2,0,0,1,1,1,1,14
266,DHIMAN AGRICULTURE WORKS,0,0,1,1,1,3,1,0,0,0,0,0,7
267,DHIMAN AGRO INDUSTRIES,0,1,0,0,0,0,0,0,0,0,0,0,1
268,DHIMAN BROTHERS,0,0,0,0,1,1,0,0,2,0,0,0,4
269,DHRITI ENTERPRISES,0,0,0,0,0,1,0,0,0,0,0,0,1
270,"DIAMOND ENGG,CTC",0,3,0,4,0,2,1,0,1,0,19,6,36
271,DIAMOND E VEHICLES,55,56,40,33,46,56,47,69,62,67,26,47,604
272,DILLI ELECTRIC AUTO PVT LTD,1493,1564,2062,1730,2078,2142,2473,2721,2338,2187,2026,2290,25104
273,DIVANSU AUTOMOBILES LTD,14,29,12,25,13,16,13,6,2,6,1,8,145
274,DIVYA ENTERPRISES,91,96,90,64,76,92,123,111,51,74,80,78,1026
275,D K DIESELS PVT LTD,0,0,0,1,1,0,0,1,1,0,1,0,5
276,DODGE MOTORS,1,0,0,0,0,0,0,0,0,0,0,0,1
277,DONGMA VEHICLE (IMPORTER: MERCURY METALS),0,0,0,0,0,0,0,0,0,0,4,7,11
278,DOOSAN BOBCAT INDIA PVT LTD,47,64,44,52,35,32,38,54,54,42,49,45,556
279,DSF INDUSTRIES PVT LTD,1,6,1,0,2,2,8,5,1,0,0,0,26
280,D S INDUSTRIES,10,3,1,8,0,1,3,2,3,0,0,1,32
281,DSR EV MOBILITY PVT LTD,0,0,0,0,0,3,0,0,0,0,0,0,3
282,DUCATI INDIA PVT LTD,32,28,28,25,31,32,26,29,28,30,31,39,359
283,DUCATI MOTOR HOLDING S.P.A,0,0,0,0,0,0,0,0,0,0,0,1,1
284,DUKE AUTO INDIA,62,34,89,73,84,73,62,106,90,73,48,140,934
285,DULEVO INDIA PVT LTD,4,0,0,4,1,3,2,2,0,1,8,1,26
286,"DURGA AGRO ENGG,BALASORE",7,2,4,1,4,0,0,1,1,4,0,1,25
287,DURGA AGRO WORKS,0,1,0,0,0,0,0,0,0,0,0,0,1
288,"DURGA&DURGA ENGG WORKS,BHMPUR",0,1,1,0,0,0,0,0,0,3,1,1,7
289,"DURGA & DURGA ENG WORKS, HALADIAPADAR, GANJAM",0,0,1,0,3,0,0,0,3,1,2,3,13
290,DURGA ENGINEERING WORKS,7,16,7,11,8,10,0,15,11,14,5,4,108
291,DURGA FILTERS PVT LTD,0,0,0,0,0,0,0,0,0,0,1,1,2
292,"DWARI ENGG WORKS,SAMBALPUR",0,1,2,2,2,1,0,0,0,0,0,1,9
293,DYNAPAC ROAD CONSTRUCTION EQUIPMENT INDIA PVT LTD,10,14,8,1,9,7,9,10,16,12,12,14,122
294,DYS IMPEX PRIVATE LIMITED,25,32,20,40,26,43,80,82,131,124,66,82,751
295,EAGLE AUTO PEARL PVT,0,0,0,0,0,1,0,0,0,0,0,0,1
296,E-ASHWA AUTOMOTIVE PVT LTD,29,10,22,33,20,16,18,24,16,23,6,23,240
297,EBUZZ MOBILITY LLP,0,0,1,1,1,1,1,2,0,1,2,7,17
298,ECO DYNAAMIC EQUIPMENTS,2,2,30,2,2,2,5,5,7,8,5,4,74
299,ECO-FRIENDLY ELECTRIC VEHICLE PVT LTD,1,0,0,0,0,0,0,0,0,0,0,0,1
300,ECO FUEL SYSTEMS (I) PVT LTD,52,38,59,42,38,36,48,79,71,33,58,41,595
301,ECO SMART VEHICLES PVT LTD,45,95,72,76,87,118,125,146,83,144,106,148,1245
302,ECOYAN ELECTRIC MOTOR VEHICLES PVT LTD,0,0,0,0,3,1,1,1,0,0,1,0,7
303,EDMRC MANNSCHAFT LLP,7,9,5,5,6,14,4,17,5,9,0,8,89
304,EEVEE ENGINEERING PVT LTD,0,0,0,1,0,0,0,0,0,0,0,0,1
305,EFEV CHARGING SOLUTION PVT LTD,24,23,12,19,30,24,49,71,63,70,81,60,526
306,E-GURU AUTO ENERGY,1,11,8,2,4,4,16,8,9,17,9,36,125
307,EICHER MOTORS LTD,5,1,5,2,2,3,2,1,3,4,2,2,32
308,EICHER TRACTORS,4905,3936,5138,3220,4509,4988,6804,4963,3750,4267,4530,5647,56657
309,EIMCO ELECON,0,0,0,0,2,1,0,0,0,0,0,0,3
310,ELECTRA INTERNATIONAL,3,0,0,2,0,0,0,0,0,0,0,2,7
311,ELECTRECA VEHICLES,9,10,15,8,7,7,6,4,4,1,1,1,73
312,ELECTRIC ALLIANCE(IMPORTER: ELLYSIUM AUTOMOTIVES),0,0,2,4,1,10,8,5,6,2,4,1,43
313,ELECTROTECH TRANSMISSION PVT LTD,0,0,0,0,0,0,0,0,1,0,0,0,1
314,ELECTROTHERM (INDIA) LIMITED,0,1,3,0,0,0,0,0,0,0,0,0,4
315,ELEPHANTA INDUSTRIES PVT LTD,1,1,2,0,2,0,0,0,0,0,5,0,11
316,ELITE AUTO ENGINEERS PVT LTD,95,73,76,92,69,79,108,85,136,116,81,190,1200
317,ELSA CONCRETING MACHINERY INDIA PVT LTD,2,2,1,2,0,2,0,1,0,0,2,1,13
318,ELTHOR ENERGY PRIVATE LIMITED,44,26,32,18,22,20,13,17,6,14,10,8,230
319,E-MOTION AUTOMOTIVE INDUSTRY LLP,21,37,52,39,43,35,44,49,37,30,38,45,470
320,ENERGY ELECTRIC VEHICLES,605,694,760,677,781,833,1050,1067,1155,1120,1080,1262,11084
321,ENGINIA VEHICLES PVT LTD,0,0,0,3,3,13,18,30,32,40,33,16,188
322,ENGTIAN ELECTRIC BIKE PVT LTD,48,47,22,30,35,34,39,83,16,18,44,56,472
323,ENIGMA AUTOMOBILES PVT LTD,0,0,0,0,0,0,0,0,0,1,0,1,2
324,ENTICE IMPEX PVT LTD,21,16,37,31,40,35,48,89,60,74,68,69,588
325,EPOWER VEHICLES PVT LTD,2,0,3,0,1,2,2,12,5,3,0,1,31
326,ERISHA E MOBILITY PVT LTD,0,0,0,0,1,5,12,9,9,6,8,6,56
327,E ROYCE MOTORS INDIA PVT LTD,1,16,34,92,190,297,317,235,111,4,2,2,1301
328,ESCORTS CONSTRUCTION EQUIPMENT LTD,21,15,9,4,6,49,7,4,1,1,4,1,122
329,ESCORTS KUBOTA LIMITED (AGRI MACHINERY GROUP),7677,7352,9021,6259,7675,10218,8538,7434,5833,6268,6273,8165,90713
330,ESCORTS KUBOTA LIMITED (CONSTRUCTION EQUIPMENT),330,394,428,402,443,390,386,406,384,504,467,477,5011
331,ESCORTS R&D CENTRE,3,1,2,11,16,9,1,0,1,1,1,1,47
332,ESCORTS TRACTORS LTD,0,0,0,1,2,0,0,1,0,0,0,0,4
333,E-SPRINTO GREEN ENERGY PVT LTD,0,0,0,0,3,11,3,25,33,14,15,12,116
334,ESSAR ENGINEERING,2,6,5,2,2,1,0,1,1,0,0,1,21
335,ETRIO AUTOMOBILES PVT LTD,3,12,8,8,11,7,10,6,14,1,3,1,84
336,EULER MOTORS PVT LTD,68,112,273,222,148,194,282,245,186,276,255,337,2598
337,EVAGE AUTOMOTIVE PVT LTD,0,0,0,6,0,0,0,0,11,11,0,16,44
338,EVBHARAT RANGE PRIVATE LIMITED,1,1,2,2,1,2,12,5,2,1,2,0,31
339,EVCO AUTOMOBILES PVT LTD,0,0,0,0,0,0,0,0,0,0,0,14,14
340,EVERVE MOTORS PVT LTD,0,0,0,1,0,0,0,0,0,0,0,0,1
341,EVEX AUTO INDIA PVT LTD,17,13,12,14,60,12,17,4,4,4,3,6,166
342,EVTRIC MOTORS PVT LTD,50,46,49,50,70,50,62,49,41,29,28,16,540
343,EXERVAL PVT LTD,6,11,9,8,12,4,5,16,3,2,2,5,83
344,EXIDE INDUSTRIES LTD,139,171,189,169,184,207,193,219,211,232,233,232,2379
345,EXTRA FAST SOLUTIONS,21,26,22,12,37,56,47,76,53,90,91,83,614
346,EXTREME MOTORS,24,15,14,27,12,25,21,19,11,20,21,9,218
347,FARMTECH AGRO INDUSTRIES,0,1,0,1,0,5,2,0,0,0,0,1,10
348,FCA INDIA AUTOMOBILES PRIVATE LIMITED,879,697,828,694,665,583,529,522,427,481,524,502,7331
349,FEDE INDUSTRIES PVT LTD,47,68,64,63,98,70,77,70,65,118,77,83,900
350,FERRARI INDIA PRIVATE LIMITED,3,3,4,1,2,3,1,1,0,0,2,5,25
351,FERRARI SPA,3,0,2,3,4,1,1,2,3,1,1,2,23
352,FERRARI SPA (IMPORTER:SELECT CARS P LTD),0,0,0,1,0,0,0,0,0,0,0,0,1
353,FIADO INDUSTRIES PVT LTD,4,3,11,4,24,26,13,9,4,3,3,2,106
354,FIELDTRACK EARTHMOVERS PVT LTD,4,11,13,11,6,7,5,5,4,8,13,3,90
355,FINE EQUIPMENTS INDIA PVT LTD,0,0,0,2,0,1,0,0,2,1,0,0,6
356,FIRST CHOICE ELECTRIC VEHICLES PVT LTD,48,53,46,41,44,26,48,36,64,41,44,55,546
357,FITWEL MOBILITY PVT LTD,0,2,2,2,3,1,1,0,2,3,1,0,17
358,FIVE ELEMENTS,5,6,14,3,16,7,4,9,4,11,22,19,120
359,FONEX LTD,0,0,0,0,0,0,0,1,0,0,0,0,1
360,FORCE MOTORS LIMITED,2225,1972,2253,1947,2013,2418,2598,2494,2122,2214,1907,1637,25800
361,FORD INDIA PVT LTD,7,8,5,7,5,4,1,1,4,4,1,0,47
362,FRIENDS AGRO INDUSTRIES,0,5,1,1,0,3,0,0,0,0,0,0,10
363,FSTMOTO (IMPORTER: AUTOICARE INNOVATION),0,0,0,0,0,0,4,3,7,12,17,14,57
364,FUJIYAMA POWER INFRA PVT. LTD.,0,0,0,0,3,0,3,7,1,0,2,0,16
365,GAGAN AUTOMOTIVES,0,0,0,0,0,21,45,53,85,50,69,60,383
366,GAHIR AGRICULTURAL INDUSTRIES,2,5,4,2,0,17,0,0,0,0,0,8,38
367,GAIA INTERNATIONAL (IMPORTER: NEW ENERGY WAGON),1,0,0,0,0,0,0,0,0,0,0,0,1
368,GALVANIC AUTO PVT LTD,0,0,0,0,0,0,127,50,1,0,0,10,188
369,GAMZEN PLAST PVT LTD,0,0,3,0,0,0,5,0,0,0,0,0,8
370,GANESH AGRO INDUSTRIES,20,17,17,16,8,5,7,10,9,11,35,11,166
371,GARIMA INDUSTRIES,0,0,0,0,0,6,0,6,5,0,0,0,17
372,GAURI AUTO INDIA PVT. LTD,0,0,0,0,0,0,0,0,0,0,0,1,1
373,GAUTAM AGRO INDUSTRIES,1,0,3,1,0,1,0,0,0,0,0,0,6
374,GAYATRI AGRO INDUSTRIES,1,0,0,0,4,0,0,2,4,0,1,0,12
375,GAYATRI ELECTRIC VEHICLES PVT LTD,208,231,267,232,196,249,266,233,224,305,269,270,2950
376,GENERAL MOTORS INDIA PVT LTD,0,0,0,0,0,0,0,0,1,0,0,1,2
377,G & G AUTOMOTIVE,112,101,154,123,99,88,114,120,107,125,138,149,1430
378,GIAN AGRO INDUSTRIES,0,2,1,1,2,5,0,0,2,2,1,0,16
379,GILL AGRICULTURE WORKS,0,4,13,3,4,13,0,1,0,4,2,0,44
380,GILL AGROTECH,4,2,2,0,0,9,0,0,0,0,0,0,17
381,GILL MECHANICAL WORKS,0,0,0,0,0,1,0,0,0,0,0,0,1
382,GILL PREET AGRO INDUSTRIES,0,0,0,0,0,1,0,0,0,0,0,0,1
383,GILLPREETAGRO INDUSTRIES,0,1,3,3,4,9,0,0,4,2,3,4,33
384,G.K E-VEHICLS INDUSTRIES PVT LTD,0,0,0,0,0,0,0,0,0,0,40,34,74
385,GKON ELECTRIC MOTOR VEHICLES PVT LTD,85,34,55,65,54,45,87,53,50,53,74,54,709
386,G.K. RICKSHAW PVT LTD,242,422,475,330,569,536,485,523,570,626,395,341,5514
387,G. M. VEHICLE INDUSTRIES,0,0,0,0,0,0,0,1,1,0,0,1,3
388,GOBIND AGRO INDUSTRIES,7,14,9,5,3,32,0,0,0,0,3,9,82
389,GOBIND INDUSTRIES PVT LTD,1,0,0,0,0,0,0,1,3,0,0,0,5
390,GOBIND MOTOR GARAGE,0,1,0,0,0,0,0,0,0,0,0,0,1
391,GODAWARI ELECTRIC MOTORS PVT LTD,0,1,8,7,5,3,13,10,15,66,78,68,274
392,GODAWARI TECHNO SOLUTIONS PVT LTD,1,7,10,4,17,5,3,13,3,3,5,3,74
393,GODREJ AND BOYCE MFG CO LTD,7,2,1,5,2,1,2,1,0,1,1,7,30
394,GODREJ & BOYCE MFG. CO. LTD,13,19,20,25,20,24,24,19,9,15,3,33,224
395,GOENKA ELECTRIC MOTOR VEHICLES PVT LTD,40,64,64,43,63,47,38,22,30,17,12,22,462
396,GOGORO (IMPORTER: GOGORO INDIA PRIVATE LTD),0,0,0,0,71,0,0,0,0,0,0,0,71
397,GOGORO INDIA PVT LTD,0,0,0,0,0,0,0,0,0,0,18,0,18
398,GO GREEN EOT (ENERGY OF THINGS) PVT LTD,0,1,0,0,0,0,0,9,1,0,0,0,11
399,GOLDENLION (IMPORTER:ELLYSIUM AUTOMOTIVES PVT LTD),0,0,0,0,0,0,1,0,0,0,0,0,1
400,GOLD HOFER,0,1,6,0,0,1,0,0,0,4,4,0,16
401,GOLDHOFER INDIA LLP,0,0,0,0,0,4,4,3,0,0,0,0,11
402,"GOPAL AGRO AGENCY,HALADIAPADAR,BERHAMPUR,GANJAM",0,1,0,0,0,1,0,2,1,0,0,0,5
403,GOPAL AUTO MOTORS PVT LTD,106,90,131,101,157,128,145,131,121,121,124,139,1494
404,GOPAL ENGG. WORKS,0,1,0,1,0,0,0,0,0,0,0,0,2
405,"GOPAL ENGINEERING, BALASORE",0,1,1,6,1,1,0,0,0,0,0,1,11
406,GOREEN E-MOBILITY PVT LTD,298,337,323,245,278,317,232,244,236,180,243,107,3040
407,GOYAL AGRO INDUSTRIES,0,0,2,1,0,1,0,0,0,0,0,2,6
408,GRAM TARANG EMPLOYABILITY TRAINNING SERVICES P LTD,3,3,9,4,5,1,4,19,31,25,31,1,136
409,GRD MOTORS,221,223,250,214,310,353,249,357,306,319,298,312,3412
410,GREAVES ELECTRIC MOBILITY PVT LTD,87,153,382,551,1155,1440,2159,2926,3613,4184,4415,2977,24042
411,GREENETICS INDUSTRIES PVT LTD,0,0,0,0,0,0,0,32,84,0,0,0,116
412,GREEN EVOLVE PVT LTD,0,0,20,0,0,0,0,0,1,10,3,8,42
413,GREENFIT INDUSTRIES LLP,0,0,0,0,0,0,0,0,0,0,0,4,4
414,GREEN IMPEX,33,10,17,42,22,39,61,94,37,42,21,24,442
415,GREEN SHUTTLE TECHNOLOGY PVT LTD,1,2,6,1,4,1,2,1,0,7,1,2,28
416,GREEN STAR MOTORS,29,40,35,20,19,25,33,29,21,31,44,19,345
417,GREEN TACK EMPALA ELECTRIC MOTOR COMPANY,0,0,0,0,0,14,11,13,1,3,4,0,46
418,GREENTECH AUTO LLP,0,0,0,1,0,0,0,0,0,0,0,0,1
419,GREEN TECHNOLOGIES,1,8,16,7,15,12,30,27,25,40,17,23,221
420,GREEN VALLEY MOTORS,1,0,3,1,1,0,1,0,3,0,1,0,11
421,GREEN WAY ECO RIDE,0,0,1,0,0,2,0,0,0,0,0,0,3
422,GREENWHEELS AUTOMOBILE PVT LTD,53,65,108,73,78,67,58,81,76,81,54,78,872
423,GRINDIA G MOTORS PVT LTD,0,0,0,0,1,1,0,0,0,0,1,0,3
424,GROMAX AGRI EQUIPMENT LTD,231,253,277,200,203,214,297,239,188,256,316,358,3032
425,GROVE INDIA PVT LTD,1,1,5,4,5,2,7,1,4,3,5,0,38
426,GUANGDONG TAYO (IMPORTER: ADISHWAR AUTO),4,4,1,3,7,6,7,3,8,6,9,8,66
427,GUJARAT NARMADA AUTO LTD,1,1,0,0,1,0,0,0,0,0,0,1,4
428,GURDEEP AGRO  INDUSTRIES,1,0,2,1,1,3,0,0,0,1,0,1,10
429,GURDEEP ENGINEERING WORKS,3,4,5,1,4,16,0,0,0,0,0,0,33
430,GURDEV MECHANICAL WORKS,0,0,0,0,0,8,0,0,0,0,0,0,8
431,GURJEET COMBINE,0,1,1,0,0,0,0,0,0,0,0,0,2
432,GURM AGRICULTURE WORKS,1,1,2,2,3,4,0,0,0,0,0,0,13
433,GURMUKH AGRO INDUSTRIES,1,1,3,1,3,14,0,3,1,3,0,1,31
434,GURU JI WHEELS,9,4,8,8,4,13,8,5,3,0,2,0,64
435,GURUKIRPA INDUSTRIES,9,7,3,3,4,2,1,4,1,0,2,1,37
436,GURUKRAPA ENGINEERING WORKS,1,0,0,0,0,0,1,0,0,2,0,1,5
437,GURU NANAK AGRICULTURE IMPLEMENTS,0,0,1,0,0,1,0,0,0,1,0,0,3
438,GURU NANAK AGRI ENGG WORKS,46,30,64,35,23,58,16,4,8,26,32,24,366
439,GURU NANAK AGRI WORKS,1,6,8,1,11,16,0,0,0,1,0,4,48
440,GURU NANAK AGRO INDUSTRIES,3,5,3,1,4,19,1,1,2,4,0,2,45
441,GURU RAMDAS AGROTECH,0,1,1,0,0,1,0,0,0,0,0,0,3
442,HAARISH AUTOMOTIVES (OPC) PRIVATE LIMITED,5,2,0,1,2,0,0,0,1,0,0,0,11
443,HAMM AG,5,5,6,12,5,1,2,1,2,2,0,5,46
444,HANUMAN UDYOG,0,0,0,0,0,0,0,0,0,0,0,8,8
445,HARDEV AGRO TECH,0,0,1,0,0,6,4,0,0,7,2,0,20
446,HARJEET AGRO INDUSTRIES,10,18,17,7,3,31,1,6,3,6,6,24,132
447,HARLEY DAVIDSON (IMPORTER: HERO MOTOCORP),22,27,22,18,16,17,14,18,21,10,17,25,227
448,HARMEET AGRICULTURE WORKS,5,8,17,4,2,17,3,5,8,9,2,0,80
449,HARSH TRADING CO,1,0,1,0,0,0,0,0,0,0,0,32,34
450,HARSHVIE INDUSTRIES PVT LTD,0,0,0,1,0,0,0,0,1,0,0,0,2
451,HAYASA E-MOBILITY (INDIA) PVT LTD,0,0,0,0,0,0,3,0,0,0,0,1,4
452,HBSS E MOBILITY PVT LTD,0,0,0,0,0,0,0,0,0,0,0,8,8
453,H-D MOTOR COMPANY INDIA PVT LTD,0,1,0,0,0,2,0,0,0,0,0,1,4
454,HEMAVATHI AGRO INDUSTRIES,1,3,2,0,2,1,2,3,1,0,0,1,16
455,HERO ELECTRIC VEHICLES PVT. LTD,6400,5865,6669,3333,2110,1137,779,783,845,666,826,552,29965
456,HERO HONDA MOTORS  LTD,4,2,5,0,3,0,0,1,2,1,5,3,26
457,HERO MOTOCORP LTD,371652,391988,469817,411847,532083,428182,363432,350475,354547,421327,804901,465111,5365362
458,HIGHWAY ENGING WORKS,4,10,2,2,0,0,2,1,0,0,3,9,33
459,HIMANI AGRO INDUSTRIES,0,2,1,3,4,2,0,0,1,1,1,0,15
460,HIM TEKNOFORGE LTD,77,39,76,37,37,65,60,64,64,32,40,33,624
461,HIND AGRO INDUSTRIES,2,5,6,2,4,22,0,1,2,5,5,2,56
462,HINDUSTAN AGRO INDUSTRIES,0,1,0,0,2,0,0,0,0,6,0,0,9
463,HINDUSTAN MOTOR CORPORATION,97,91,78,64,88,142,150,134,121,113,156,140,1374
464,HINDUSTAN MOTOR FINANCE CORPORATION LIMITED,3,6,5,10,10,9,4,5,5,7,4,3,71
465,HIRA AGRO INDUSTRIES,13,9,17,9,15,38,12,12,3,10,10,26,174
466,HITECH ENGINEERING LTD,2,6,3,5,6,4,3,2,3,4,5,10,53
467,HI-TECH INDUSTRIES,6,13,19,7,29,13,9,7,8,6,2,3,122
468,HITECH  MECHANICAL WORKS,0,0,0,0,3,0,0,1,4,2,0,2,12
469,HITENDRA WELDING WORKS,1,8,4,4,14,2,8,1,11,7,2,11,73
470,H M G ENGINEERING WORKS,0,0,1,0,2,0,0,1,0,0,0,0,4
471,HMT LIMITED,0,2,0,0,0,0,0,0,0,0,0,0,2
472,H NONGRUM,0,1,0,0,0,0,0,0,0,0,0,0,1
473,HOLLAND TRACTORS PVT LTD,0,0,0,0,0,3,0,1,0,1,0,2,7
474,HOMFEEL VEGH AUTOMOBILES PVT LTD,0,0,0,0,0,0,0,0,0,2,2,2,6
475,HONDA CARS INDIA LTD,7605,5880,6470,5683,5182,4734,4443,4739,7038,8564,8538,8105,76981
476,HONDA MOTORCYCLE AND SCOOTER INDIA (P) LTD,318940,302963,324951,244826,270454,283522,299902,311117,349914,403694,515218,345242,3970743
477,HONGKONG YIXING (IMPORTER: ADMS MARKETING),4,3,4,2,4,7,6,7,12,12,12,11,84
478,HONGKONG YIXING (IMPORTER: VICTORY ELECTRIC),0,0,4,1,3,0,0,6,0,0,0,4,18
479,HOOGHLY MOTORS PVT LTD,206,254,246,221,247,290,310,334,484,353,406,390,3741
480,HOP ELECTRIC MOBILITY PVT LTD,11,9,19,62,13,12,11,15,7,19,11,20,209
481,HOP MOTORS PVT LTD,47,50,92,67,65,81,65,49,51,90,38,90,785
482,HOSHIAR NIRVAIR TRACTORS PVT LTD,0,0,1,0,0,0,0,0,0,0,0,0,1
483,HOTAGE INDIA,720,634,783,802,990,1234,1246,1338,1262,1193,1307,1330,12839
484,HOUSTAN INNOVATION LLP,0,4,1,5,4,3,1,4,8,0,1,2,33
485,HOVEL CYLINDER PVT LTD,8,7,6,2,0,1,4,5,5,8,5,11,62
486,H R AGRO INDUSTRIES,6,8,4,4,4,22,1,6,2,2,4,2,65
487,HSU DRAGON (IMPORTER: DARK FIGHT POWER PVT LTD),0,0,0,1,0,0,0,0,0,1,0,0,2
488,HUNDA EV PVT LTD,0,0,0,0,0,0,0,0,0,0,65,60,125
489,HUNDAL INDUSTRIES,94,67,75,85,107,106,93,78,80,47,87,94,1013
490,HYKON INDIA LTD,11,16,16,7,8,4,3,6,6,5,4,5,91
491,HYUNDAI MOTOR INDIA LTD,46768,39867,46832,42801,46381,44103,41917,48289,50623,52167,51290,40243,551281
492,"HYUNDAI MOTORS LTD, SOUTH KOREA",0,2,2,0,2,0,0,1,5,3,1,0,16
493,IDEAL JAWA INDIA PVT LTD,0,0,0,0,0,0,0,0,0,1,0,0,1
494,INDERPREET AGRO INDUSTRIES,4,4,1,4,3,4,2,2,6,1,0,4,35
495,INDIA KAWASAKI MOTORS PVT LTD,324,287,332,279,328,243,276,250,323,309,303,223,3477
496,INDIAN MOTORS,108,114,232,147,212,168,186,210,166,164,155,173,2035
497,INDIA SAFE ENTERPRISE,2,7,2,13,5,12,25,29,36,52,51,42,276
498,INDIA YAMAHA MOTOR PVT LTD,47459,42815,47131,38192,44539,46912,45861,49939,49644,55505,64132,48349,580478
499,INDICON AGRO INDUSTRIES LLP,0,0,1,0,0,0,0,0,0,0,0,0,1
500,INDO FARM EQUIPMENT LIMITED,232,281,390,258,312,430,302,249,202,229,286,264,3435
501,INDRA TRAILORS,0,0,0,0,0,0,0,0,1,0,0,0,1
502,INDUS ELECTROTHERM INDIA LTD,1,4,0,3,2,1,0,0,0,0,1,1,13
503,INEOS AUTOMOTIVE LIMITED,0,0,0,0,0,0,0,0,0,0,1,0,1
504,INTERNATIONAL CARS & MOTORS LIMITED,6,1,7,2,4,19,0,0,1,0,2,6,48
505,INTERNATIONAL TRACTORS LIMITED,8952,8619,9879,6965,8847,12757,11065,8455,7061,7718,8296,11350,109964
506,INVVIGORS INDIA,3,1,2,4,14,2,8,4,7,17,12,22,96
507,IPL TECH ELECTRIC PVT LTD,0,0,0,0,0,2,10,10,0,2,0,11,35
508,IRA EDUTECH PVT LTD,1,2,9,2,0,2,0,1,1,0,1,0,19
509,ISHWAR FARMLINE EQUIPMENTS PRIVATE LIMITED,13,18,16,11,24,50,0,0,0,1,0,0,133
510,ISHWAR FARMLINE EQUIPMENTS PVT LTD,2,1,4,1,2,16,0,3,2,4,2,1,38
511,ISUKII GREENS PVT LTD,0,0,2,2,5,3,2,12,8,3,9,19,65
512,ISUZU MOTORS INDIA PVT LTD,186,201,261,225,169,150,132,154,148,169,146,130,2071
513,IVOOMI INNOVATION PVT LTD,149,141,194,227,230,188,227,164,144,148,232,109,2153
514,IZANAU ELECTRIC LLP,1,1,4,9,4,7,9,3,3,2,6,2,51
515,JADE KOREA SPINE LIFE,7,15,8,8,4,9,8,15,16,13,5,5,113
516,JADHAV AGRO INDUSTRIES PVT. LTD.,5,0,0,1,10,1,1,2,0,1,0,0,21
517,JAGADAMBA TRAILER,0,0,0,0,0,0,1,0,0,0,0,0,1
518,"JAGANATH AGRL IMPLEMENTS,BOUDH",0,1,0,0,0,0,0,0,0,0,0,0,1
519,JAGDAMBA TRAILERS PVT LTD,0,0,0,0,0,0,0,25,1,25,0,3,54
520,JAGDISH ENGINEERING WORKSHOP,0,0,0,0,0,0,1,0,0,0,0,0,1
521,JAGMOHAN ALLIED AUTO IND.PVT.LTD.,0,2,0,0,0,0,0,0,0,0,0,0,2
522,JAGRUTI MOTORS LTD.,0,0,0,1,0,0,0,1,0,0,0,0,2
523,JAGUAR LAND ROVER INDIA LIMITED,223,169,192,170,332,302,258,267,448,442,370,302,3475
524,JAI AMBE FABRICATION & ENGINEERING WORK,1,0,0,0,0,0,0,0,0,0,0,0,1
525,JAI BHAVANI ENGINEERING  WORKS,2,3,24,7,1,8,26,3,5,0,5,2,86
526,JAIDKA POWER SYSTEMS PVT LTD,12,44,23,2,4,16,17,11,8,17,4,5,163
527,JAIN POWER CORP,12,7,21,10,20,14,2,2,1,1,14,39,143
528,JAISIK BUSINESS LINKS PVT LTD,11,33,46,34,48,61,54,52,61,77,68,55,600
529,JAI SRI RAM ELECTRIC VEHICLE MANUFACTURING PVT LTD,0,4,34,18,19,21,12,23,13,19,7,23,193
530,JAJODIA COMMODITIES PVT LTD,43,39,55,38,54,84,111,88,100,113,107,118,950
531,JAL ENTERPRISES,0,0,12,0,2,3,5,2,9,3,2,0,38
532,JANTA AGRICULTURE WORKS,2,0,0,1,0,0,0,2,0,0,0,0,5
533,JAYADRI STEEL INDUSTRIES,1,0,0,0,0,0,0,0,0,0,0,0,1
534,JAY AGRO INDUSTRIES,5,7,8,8,2,3,21,25,2,9,10,10,110
535,JAY BHAVANI TRAILOR,0,1,1,1,0,2,0,0,0,0,4,1,10
536,JAYDEV ENTERPRISE,0,0,0,0,1,0,0,3,2,0,0,0,6
537,JAY JANARDAN TRAILOR,0,2,0,0,4,1,2,0,0,0,0,0,9
538,JAY JANARDHAN A.T EQUIPMENTS,0,0,0,0,5,1,1,0,0,0,0,0,7
539,JBM AUTO LIMITED,2,14,0,13,52,0,5,0,8,2,23,137,256
540,J.C. BAMFORD EXCAVATORS LIMITED,0,0,0,0,0,0,0,1,0,0,0,0,1
541,JCB INDIA LIMITED,2576,3062,3438,3044,2658,2487,2255,2635,3356,3672,3886,3447,36516
542,JCB INDIA LTD,158,83,12,0,0,38,2,0,0,0,0,0,293
543,JEET AGRO INDUSTRIES,0,1,1,0,1,2,0,0,0,0,0,0,5
544,JESSUN TECHNO PVT LTD,13,11,20,15,13,28,9,36,12,27,15,10,209
545,JIANGSU AIMA (IMPORTER: FUTURE EV),0,0,0,0,0,0,0,0,0,2,5,1,8
546,JIANGSU AIMA (IMPORTER: QUANTUM ENERGY),29,29,30,64,53,66,82,48,18,11,13,11,454
547,JIANGSU DALONG (IMPORTER: ENGTIAN ELECTRIC),0,0,3,2,0,0,2,2,0,0,1,1,11
548,JIANGSU DALONG (IMPORTER: KINGCHE MOBILITY),0,0,0,0,0,0,0,4,1,6,9,0,20
549,JIANGSU DALONG (IMPORTER: RILOX EV PVT LTD),0,0,0,0,2,0,0,0,0,0,0,0,2
550,JIANGSU DALONG (IMPORTER: SABOO TOR),0,0,0,0,0,0,4,1,8,3,6,0,22
551,JIANGSU DALONG (IMPORTER:TYLOS ELECTRIC VEHICLES),0,0,6,7,3,2,4,8,7,3,7,3,50
552,JIANGSU DALONG JIANHAO (IMPORTER: GREEN INDIA),0,0,0,0,0,0,0,1,0,0,0,0,1
553,JIANGSU GUOWEI (IMPORTER: REVEAL ELECTRIC),0,0,1,2,8,4,3,2,7,0,1,3,31
554,JIANGSU JINPENG (IMPORTER: KKL HITECH EV),0,0,0,0,0,0,0,1,2,2,1,4,10
555,JIANGSU SUNHOU (IMPORTER: SABOO TOR),1,1,1,1,0,0,0,2,1,1,1,1,10
556,JIANGSU XINRI E-VEHICLE(IMPORTER SWIFT CUR.TECH.),9,7,13,7,8,10,9,4,7,1,1,9,85
557,JIANGSU XINRI (IMPORTER: NISIKI TECHNOLOGIES),0,0,0,0,0,0,1,0,0,0,2,0,3
558,JIANGSU ZHEENAIDA (IMPORTER: KLB GLOBAL),145,59,102,78,81,39,77,64,32,57,34,31,799
559,JITENDRA NEW EV-TECH PVT. LTD,527,311,355,272,483,45,18,28,166,153,155,138,2651
560,JITENDRA TEMPO PARTS,63,64,43,34,64,60,72,74,59,61,59,87,740
561,JIWAN AGRICULTURAL IMPLEMENTS WORKSHOP CIS LTD,0,1,0,0,1,2,0,1,0,0,0,4,9
562,J K AGRO INDUSTRIES,2,4,6,2,1,21,0,0,1,2,0,0,39
563,J K AMO-PAPERS & CO,0,0,0,0,0,0,0,0,0,2,1,1,4
564,JMSSP AGRO INDUSTRIES PVT LTD,0,0,0,0,0,0,0,0,0,0,0,5,5
565,JMT VEHICLES PVT LTD,0,0,0,0,45,44,95,140,170,138,199,246,1077
566,JOHN DEERE INDIA PVT LTD(CROP SOLUTION DIV),5,2,5,2,2,8,0,0,0,0,0,0,24
567,JOHN DEERE INDIA  PVT LTD(TRACTOR DEVISION),5855,6027,6869,4613,5206,8364,5546,4957,3823,4621,4481,5274,65636
568,JOYRAM STEEL FABRICATION WORKS,1,0,5,1,3,0,0,2,0,0,2,0,14
569,J P AUTO TECH,8,7,9,1,15,4,5,16,2,0,9,4,80
570,J S AGRO INDUSTRIES,10,5,15,5,6,47,0,0,4,1,1,0,94
571,J. S. AGRO INDUSTRIES,0,0,0,0,0,1,0,0,0,0,0,0,1
572,J. S. AUTO (P) LTD,784,915,965,922,960,984,1085,1102,1295,1089,1049,1156,12306
573,J S MOBILEON PVT LTD,5,2,0,0,0,0,0,0,0,0,0,0,7
574,JS MOBILEON PVT LTD,55,93,115,55,85,64,75,94,106,82,69,57,950
575,JSW MG MOTOR INDIA PVT LTD,3427,3777,4917,4357,4194,4461,4367,4288,4026,4297,4260,3475,49846
576,JUNENG MOTORCYCLE (IMPORTER: ADMS MARKETING),5,7,11,2,2,4,5,8,1,0,1,6,52
577,JUNENG MOTORCYCLE (IMPORTER: ISCOOT MOTERS),8,15,13,7,13,15,14,12,18,36,39,22,212
578,JUNENG MOTORCYCLE TECH. (IMPORTER: DELTA AUTOCORP),0,0,3,1,0,0,1,2,2,4,4,5,22
579,KABIRA MOBILITY LLP,23,37,19,24,12,14,9,7,5,5,4,6,165
580,KABMAX ELECTRIC AUTOMOBILES PVT. LTD,59,56,45,38,26,36,32,44,45,39,18,41,479
581,KADESEETLA AASHIRWAD GP INDUSTRIES PVT LTD,0,0,0,0,0,0,0,0,4,0,0,4,8
582,KAINING (HONGKONG) (IMPORTER: ENERGY AUTOMOBILE),0,0,0,0,0,0,0,0,0,0,0,7,7
583,KAINING (HONGKONG) (IMPORTER: ENIGMA AUTOMOBILES),0,0,4,2,4,1,0,4,4,6,21,5,51
584,KAINING (HONGKONG) (IMPORTER:M/S IZANAU ELECTRIC),0,0,0,0,0,0,0,0,0,0,8,3,11
585,KAINING (HONGKONG) (IMPORTER: TOXMO ELECTRIC),0,0,0,1,1,0,0,0,2,1,0,0,5
586,KALIKA VAHAN PVT LTD,1,1,0,0,0,0,0,0,0,0,0,0,2
587,"KALINGA AGRO INDUSTRIES ,PIPILI,PURI.",0,0,1,0,0,1,0,0,0,1,0,0,3
588,KALINGA ENGINEERING,0,0,0,0,1,0,0,0,0,0,0,0,1
589,KALINGA VENTURES INDIA PVT LTD,0,0,39,16,1,1,1,17,0,17,15,32,139
590,KALMER INDUSTRIES,0,4,0,0,0,0,0,0,0,0,0,0,4
591,KALPVRIKSH ELECTOMOBILES CO,7,5,12,19,6,7,17,26,91,18,58,22,288
592,KALYANI AGRO IMPLIMENTS,0,0,0,0,0,0,0,0,0,0,1,0,1
593,KAMAZ INDUSTRIES,19,4,18,18,7,12,10,21,4,6,2,1,122
594,KAPTECH INDIA PVT LTD,62,121,161,122,132,158,143,197,206,185,187,172,1846
595,KARBRO AGRO TECH,0,0,0,0,0,1,0,0,0,0,0,0,1
596,KARMA MECHANICAL WORKS,4,1,2,1,3,19,1,0,5,2,2,2,42
597,KARTAR AGRO INDUSTRIES PVT LTD,90,233,303,92,130,576,49,6,32,69,48,57,1685
598,KARTAR TRACTORS PRIVATE LIMITED,14,18,30,8,20,23,16,9,13,15,26,24,216
599,KAWASAKI HEAVY INDUSTRIES LTD,0,0,0,1,0,0,0,0,0,0,0,0,1
600,KCAS ELECTRIC VEHICLES PVT LTD,11,16,17,20,38,25,26,22,4,9,2,7,197
601,K D AGRO INDUSTRIES,0,3,2,2,3,8,0,1,6,0,1,7,33
602,KERALA AUTOMOBILES LIMITED,7,7,13,15,5,5,9,0,1,0,1,11,74
603,KETO MOTORS PVT LTD,41,60,61,0,1,0,0,0,2,20,38,1,224
604,KGN,31,32,32,19,12,29,17,35,24,31,31,46,339
605,KGN INDUSTRIES,30,24,38,27,22,31,29,46,44,32,38,49,410
606,"KHAGESWAR AUTO BUILD WORKS,HALADIAPADAR,BERHAMPUR,GANJAM",0,0,1,0,0,0,0,0,1,0,0,0,2
607,KHALSA  AGRO INDUSTRIES,4,2,0,0,0,0,0,0,0,0,0,0,6
608,KHALSAE-VEHICLES PVT LTD,346,407,601,596,582,692,876,833,918,891,768,968,8478
609,KHAN ENGINEERING WORKS,0,0,0,0,0,1,0,24,17,0,2,2,46
610,KHUSHI AGRO ENGINEERING,0,0,1,2,1,1,1,0,0,1,1,2,10
611,KIA INDIA PRIVATE LIMITED,19735,20143,21584,17062,17279,17138,14739,18968,21649,21959,20790,16199,227245
612,KIA MOTORS CORPN,0,0,0,0,0,1,0,0,0,0,0,1,2
613,KINETIC GREEN ENERGY & POWER SOLUTIONS LTD,1338,1318,2106,1177,1287,571,663,949,577,738,720,986,12430
614,KINETIC GREEN ENERGY P SOL LTD,50,7,0,0,0,4,0,0,0,0,0,0,61
615,KINETIC MOTOR COMPANY LIMITED,0,0,0,0,0,0,0,0,0,1,0,0,1
616,KION INDIA PVT LTD,57,52,68,66,68,50,75,97,55,86,53,69,796
617,KIRAN AUTOMOBILE INDUSTRY,7,7,7,5,10,9,14,8,7,1,5,1,81
618,KIRTI SOLAR LTD,4,1,1,0,2,10,0,0,0,1,0,0,19
619,KISAN ENGINEERING,0,2,0,0,0,1,0,0,0,1,0,4,8
620,KISAN ENGINEERING WORKS,4,4,0,6,3,3,4,0,0,7,2,3,36
621,KISSAN AGRO INDUSTRIES,1,4,1,0,2,6,2,1,3,5,1,1,27
622,KLB KOMAKI PVT LTD,310,339,402,346,361,362,364,421,351,303,325,293,4177
623,KOBELCO LTD.,0,0,1,0,1,0,0,0,1,0,1,0,4
624,KOMATSU LTD JAPAN,6,0,2,0,4,1,3,5,1,1,4,2,29
625,KPT INDUSTRIES LTD,1,0,2,0,4,0,0,0,0,1,3,0,11
626,KPT MOTORS,6,0,2,11,4,1,10,16,7,14,9,1,81
627,KRISHNA AGRO ENGI,0,0,3,1,0,0,0,0,0,0,0,0,4
628,KRISHNA ENGINEERING WORKS,41,47,77,54,73,70,89,87,77,75,76,138,904
629,KRISHNA INDUSTRIES,5,1,3,1,3,0,0,0,1,0,4,2,20
630,KRISHNA VEHICALS,26,33,60,33,23,37,16,21,24,24,14,24,335
631,KRUP P,0,0,0,0,1,1,3,0,1,0,1,0,7
632,KRUSHNA AGRO ENGINEERING WORKS,0,0,0,0,0,0,0,0,0,0,1,0,1
633,K S AGRICULTURAL  INDUSTRIES,0,0,0,0,0,1,0,0,0,0,0,0,1
634,K.S. AGRICULTURAL INDUSTRIES PVT. LTD,14,38,44,21,18,83,2,1,0,14,20,3,258
635,K.S. AGROTECH  PVT LTD,1,7,5,6,7,3,0,2,3,15,35,12,96
636,K T ENTERPRISES,16,6,10,16,17,10,16,11,14,11,8,21,156
637,KTM MOTORRAD AG,0,0,1,0,0,0,0,0,0,0,1,0,2
638,KUBOTA AGRICULTURAL MACHINERY INDIA PVT.LTD.,2321,1967,1956,1319,1643,1730,1876,1506,919,1092,1009,1521,18859
639,KUKU AUTOMOTIVES,56,37,42,40,39,64,65,55,64,41,39,30,572
640,KULAR AGRO WORKS,7,1,3,5,3,10,0,0,4,5,4,2,44
641,KUMARAN ENGINEERING ENTERPRISES,0,1,6,75,131,33,0,0,0,0,1,0,247
642,KUMAR ENGINEERING,110,128,245,172,283,216,192,231,225,206,186,285,2479
643,KUSHAL AGRO IND,0,0,0,0,0,9,8,9,6,2,10,7,51
644,K. V. INDUSTRIES,1,2,1,5,0,9,7,8,0,4,0,1,38
645,KYTE ENERGY PVT. LTD.,19,25,20,53,21,18,12,50,89,27,79,127,540
646,LAKSHMI AUTO TRADERS,2,0,0,0,8,1,3,0,2,1,0,1,18
647,LAKSHMI MOTORS,1,3,1,1,1,1,0,0,1,1,0,0,10
648,LAKSHYA AUTO SALES CORPORATION,16,3,35,10,21,21,24,25,24,22,24,20,245
649,LAKSHYA MOTORS,1,0,0,0,0,0,0,0,0,0,0,0,1
650,LAL AGRO INDUSTRIES,0,0,0,0,0,1,0,0,1,1,0,1,4
651,LAL CHAND AGRICULTURE WORKS,0,1,1,0,1,6,0,0,0,0,1,0,10
652,LAWAT MOTORS,0,0,0,0,0,1,0,0,0,0,0,0,1
653,LAWAT MOTORS LLP,17,12,25,19,53,51,34,32,13,32,29,41,358
654,LAXMI ENGINEERING WORKS,1,0,0,0,0,0,0,0,0,0,0,0,1
655,LAXMI ENGINEERING WORKSHOP,0,0,0,0,0,0,1,0,0,0,0,2,3
656,"LAXMI GOBINDA AGRO IND,BLS",0,4,0,4,5,1,0,4,2,4,1,2,27
657,L B AGRO PRODUCTS,19,12,10,0,10,0,19,8,18,0,0,3,99
658,LECTRIX E VEHICLES PVT LTD,476,657,716,746,1552,615,891,985,1541,1877,1947,1492,13495
659,LEEBOY INDIA CONSTRUCTION EQUIPMENT PVT.LTD.,0,0,0,0,0,1,0,0,0,0,0,0,1
660,LEOPAN MOTORS PRIVATE LIMITED,0,0,0,2,2,0,0,0,1,1,2,5,13
661,LEXUS MOTORS LTD,0,0,0,0,0,0,0,0,1,0,1,0,2
662,LIEBHERR,1,0,4,3,4,5,3,4,4,1,2,2,33
663,LIEBHERR INDIA PVT LTD,1,6,1,4,0,0,0,0,0,1,0,0,13
664,LI-IONS ELEKTRIK SOLUTIONS PVT LTD,0,0,0,0,0,0,0,0,0,0,0,5,5
665,LINDE,0,0,0,0,0,0,0,0,0,0,1,0,1
666,LIUGONG INDIA PVT. LTD,64,65,79,86,69,81,51,69,64,64,73,66,831
667,LIUGONG IND PVT LTD,1,3,0,0,0,0,0,0,0,0,0,0,4
668,LML LIMITED,0,0,0,0,2,0,0,0,0,1,0,0,3
669,LOCAL TRAILER MANUFACTURER,3718,3956,3865,3494,3285,3890,3405,3529,3041,3763,3129,4578,43653
670,LOHIA AUTO INDUSTRIES,142,165,151,149,117,139,168,126,137,132,91,127,1644
671,LOHIA AUTO INDUSTRIES LTD.,20,1,0,0,0,0,0,0,0,0,0,0,21
672,LORDS VEHICLE MFG PVT LTD,11,22,14,19,25,18,12,12,14,15,7,17,186
673,LOTAY AGRO TECH,1,1,0,0,1,11,0,1,0,1,1,1,18
674,LOTEY AGRICULTURE WORKS,2,1,2,2,2,13,0,2,0,1,0,1,26
675,LOTEY INDUSTRY,0,0,1,0,0,0,0,0,0,0,0,0,1
676,LOVEJEET AGRO INDUSTRY,4,1,2,0,2,12,0,0,0,0,1,0,22
677,L & T CASE EQUIPMENT PVT LTD,1,5,6,1,0,2,4,1,2,1,2,4,29
678,L&T CONSTRUCTION EQUIPMENT LIMITED,32,34,49,28,49,45,29,37,23,21,23,24,394
679,LUCKY INDUSTRIES,0,0,0,0,5,5,11,0,1,7,5,4,38
680,M2GO ELECTRIC VEHICLE PVT LTD,1,0,1,0,0,0,0,0,0,0,0,0,2
681,MAA ADISHAKTI ENGINEERING,0,0,1,0,0,0,0,0,0,0,0,0,1
682,MAAA MANASA TRAILOR WORKS,0,0,0,0,2,1,0,0,0,0,0,0,3
683,MAA ENGINEERING TRAILOR,8,20,17,4,0,11,8,9,8,6,4,18,113
684,MAA KALPANA ENTERPRISE,15,1,6,6,12,6,10,14,21,22,17,23,153
685,MAA LUXMI E-VEHICLES PVT. LTD.,3,0,0,0,0,0,0,1,0,0,0,0,4
686,"MAA MANGALA ENTERPRISES,SNG",0,1,1,4,0,1,0,1,1,1,0,0,10
687,"MAA MANGALA MOTORS & ENGG,RKL",3,1,0,0,3,0,0,0,0,3,1,0,11
688,MAA SHAKTI EXIM PVT LTD,307,207,255,175,206,198,173,230,198,225,207,190,2571
689,MAA TARINI ENGINEERING,3,5,2,1,2,0,5,0,3,3,4,1,29
690,MAC AUTO INDIA,39,31,52,40,76,70,54,34,22,47,35,64,564
691,MACHINE WORKS,0,0,0,0,1,0,0,0,0,0,0,0,1
692,MAC INTERNATIONAL (IMPORTER:HONESTY),0,0,0,0,0,0,0,1,0,0,0,0,1
693,MAC INTERNATIONAL (IMPORTER: JHEV MOTORS PVT LTD),0,0,0,0,0,0,0,0,0,0,0,1,1
694,MACNEILL ENGINEERING LIMITED,0,0,0,0,2,0,0,0,0,0,0,0,2
695,MACONS EQUIPMENTS PVT LTD,3,0,1,3,1,0,0,0,0,0,0,0,8
696,MADHO AGRO INDUSTRY,0,3,0,0,0,0,0,0,0,0,0,0,3
697,MADHU AUTOMOBILES LTD,0,2,1,2,4,4,1,4,1,2,0,1,22
698,"MADHUSUDAN ENG.WORKS,NIMAPADA",0,0,1,0,0,0,0,0,0,0,0,0,1
699,MAHABIR INDUSTRIES,0,1,0,1,1,1,1,0,0,0,1,1,7
700,MAHALAXMI ENGINEERING WORKS,0,0,0,0,0,1,0,0,0,0,0,0,1
701,MAHAVIR AGRO EQUIPMENTS,0,0,0,0,0,0,0,0,0,0,1,0,1
702,MAHAVIR TRACTOR AND IMPLEMENTS,0,0,1,6,0,0,0,0,0,0,1,0,8
703,MAHI ENTERPRISES,11,9,12,12,3,8,1,2,1,0,0,1,60
704,MAHINDRA DEFENCE SYSTEMS LTD,6,5,5,1,2,5,1,15,7,1,3,1,52
705,MAHINDRA ELECTRIC MOBILITY LIMITED,1652,1695,945,312,184,73,62,36,38,13,9,8,5027
706,MAHINDRA GUJARAT TRACTOR LIMITED,1,1,0,0,0,0,1,0,0,0,0,0,3
707,MAHINDRA LAST MILE MOBILITY LTD,0,0,0,0,0,0,0,0,155,3862,6542,6519,17078
708,MAHINDRA & MAHINDRA LIMITED,59469,53002,58786,51835,56053,53888,53820,57856,61010,62337,64987,51755,684798
709,MAHINDRA & MAHINDRA LIMITED (SWARAJ DIVISION),12469,12473,14113,9556,12775,15996,16384,13415,9861,11063,11493,14382,153980
710,MAHINDRA & MAHINDRA LIMITED (TRACTOR),16968,15895,17783,12640,15833,21649,20915,17933,12605,14176,14489,18589,199475
711,MAHINDRA & MAHINDRA LTD FARM MACHINERY DIVISION,1,3,8,2,3,9,4,1,4,8,3,8,54
712,MAHINDRA TWO WHEELERS LTD,0,0,2,0,0,0,0,0,1,0,1,0,4
713,MAHTAB BODY MAKER,50,43,46,39,55,79,55,61,75,103,80,94,780
714,MALAK TECHNO PVT LTD,0,0,0,6,8,4,7,5,3,12,0,7,52
715,MALI ENTERPRISES PVT LTD,3,1,0,2,1,0,2,0,0,1,0,0,10
716,MALIK ENGINEERING WORKS,0,1,1,1,0,2,0,0,0,0,0,0,5
717,MALKIT AGRO INDUSTRIES,0,0,0,0,0,1,0,0,0,0,0,0,1
718,MALKIT AGRO TECH PVT. LTD,49,47,145,65,61,274,2,5,34,45,50,36,813
719,MANDAL ENGINEERING WORKSHOP,0,0,0,0,1,0,0,0,0,0,0,0,1
720,MANIRAM ELECTRIC VEHICLE PVT LTD,0,0,0,13,6,12,12,20,21,66,69,80,299
721,MANISH EV INTERNATIONAL PRIVATE LIMITED,15,30,35,32,33,29,52,38,41,46,37,45,433
722,MANITA CITY MOTORS LLP,107,76,151,111,137,146,119,191,176,223,165,208,1810
723,MANITOU EQUIPMENT INDIA PVT LTD,37,37,48,27,48,44,31,48,31,33,49,52,485
724,MANITOWOC INDIA LIMITED,0,0,0,0,0,0,0,0,0,1,0,0,1
725,MANKU AGRO TECH PVT LTD,118,301,291,120,126,560,7,10,97,78,62,46,1816
726,MANKU AGRO TECH. PVT. LTD.,0,0,1,1,0,8,0,0,0,0,0,0,10
727,MANMOHAN KAUR,1,4,0,0,3,0,5,12,5,13,4,17,64
728,MANPREET AGRO INDUSTIRES NABHA,0,0,0,0,0,1,0,0,0,0,0,0,1
729,MANPREET AGRO INDUSTRIES,3,0,0,0,0,2,0,0,0,0,0,1,6
730,MARATHWADA QUALITY TRAILER,3,4,0,2,2,3,2,0,3,3,5,4,31
731,MARINE NAVAIDS & SOLAR AUTO PVT LTD,0,1,0,1,2,0,0,0,0,0,0,0,4
732,MARKUS,0,1,2,2,0,1,2,5,3,5,3,3,27
733,MARTHWADA TRALIOR,3,5,0,12,3,2,1,0,0,1,2,4,33
734,MARUTHISAN PVT LTD,14,7,22,9,8,7,23,10,9,16,11,11,147
735,MARUTI INDUSTRIES,0,0,0,0,0,0,0,0,0,0,0,1,1
736,MARUTI SUZUKI INDIA LTD,155802,123665,142782,114549,123637,126267,122476,138927,144798,151725,156829,123113,1624570
737,MARUTI UDYOG LTD,19,36,25,19,36,24,20,21,23,28,29,30,310
738,MASERATI S.P.A,1,1,3,2,0,3,2,1,2,1,3,0,19
739,MASSEY FERGUSON LTD,0,0,0,0,0,5,0,0,0,0,0,0,5
740,MATHAROO BROTHERS AGRO TECH PVT LTD,2,0,0,1,0,6,0,0,0,0,0,0,9
741,MATHARU ENGINEERING AGRI WORKS,2,1,4,3,5,18,0,0,6,3,0,3,45
742,MATHARU ENGINEERING WORKS,2,5,4,0,2,3,0,1,1,3,0,2,23
743,MAULIRAJ INDUSTRIES LLP,0,0,0,0,0,1,0,1,0,0,0,1,3
744,"MAYUR ENTERPRISES,BARIPADA",2,7,3,0,3,5,4,6,6,4,3,5,48
745,MB AGRO INDUSTRIES,0,0,2,1,0,7,0,0,0,0,0,0,10
746,MCLAREN AUTOMOTIVE (IMPORTER: INFINITY CARS),1,1,1,0,1,3,0,1,0,0,1,0,9
747,MECPOWER MOBILITY PVT. LTD.,1,0,0,0,78,0,0,0,1,1,43,4,128
748,MEERA AUTO IND,0,0,0,0,1,0,0,0,0,0,0,0,1
749,MEGH RAJ GOYAL & COMPANY,0,0,0,0,0,0,0,0,0,0,0,1,1
750,MEHER FABRIC WORKS,0,0,0,0,0,1,1,0,0,0,0,0,2
751,MEHER TRAILERS PVT LTD,2,2,0,0,0,0,0,0,1,2,0,0,7
752,MERCEDES -BENZ AG,63,90,95,54,95,88,125,88,107,105,140,148,1198
753,MERCEDES-BENZ INDIA PVT LTD,1261,1070,1660,1183,1116,981,956,1015,1334,1266,1233,1229,14304
754,MEW ELECTRICALS LIMITED,43,24,35,16,31,15,12,4,7,7,0,2,196
755,M G INDUSTRIES,5,3,10,17,15,14,18,21,13,11,10,8,145
756,M H AGRICULTURE WORKS,0,0,5,0,2,13,0,0,1,2,0,3,26
757,MIC INDUSTRIES INC,2,0,0,0,0,0,0,0,0,0,0,0,2
758,MICROAUTOTECH PVT. LTD.,0,0,1,0,1,0,0,0,0,0,0,0,2
759,MILLENNIAL MOTORS LLP,0,0,0,0,0,0,0,7,0,0,0,0,7
760,MINI METRO,56,21,21,0,0,2,0,0,0,0,0,0,100
761,MINI METRO EV L.L.P,1117,942,1266,1037,1203,1504,1568,1701,1394,1356,1342,1531,15961
762,MINSK TRACTOR (IMPORTER: ERISHA AGRITECH),0,0,0,0,0,9,0,0,0,0,0,0,9
763,MIRAKLE 5 AUTOMOBILES PVT LTD,5,10,12,12,12,5,12,8,5,13,3,5,102
764,MITSUBISHI MOTORS CORPORATION,0,0,0,1,0,0,0,0,1,0,0,0,2
765,M K BROTHERS,0,0,1,0,0,0,0,0,0,0,1,1,3
766,M.K. ENTERPRISES,28,81,68,53,67,72,100,128,108,163,105,123,1096
767,MLR AUTO LTD,162,179,227,81,117,91,103,132,155,193,240,223,1903
768,MODERN  AGRO  INDUSTRIES,0,1,2,0,0,0,0,0,0,0,0,0,3
769,MODIKA INTERNATIONAL (IMPORTER: FRANKLIN EV),0,0,0,0,0,0,0,6,1,8,3,1,19
770,MOHAN GENERAL TRADING COMPANY,1,0,5,0,6,6,0,8,4,4,4,5,43
771,MOHINDRA ENGINEERING WORKS,0,0,0,0,0,8,0,0,0,0,0,0,8
772,MONDAL TRADING,0,1,1,0,8,1,1,2,17,22,16,8,77
773,MOON AGRICULTURE & FABRICATION WORKS,0,1,0,0,1,2,2,0,0,2,0,2,10
774,MOTOROYALE KINETIC PRIVATE LIMITED,0,0,0,0,0,0,0,0,1,0,0,0,1
775,MOVE STONE SERVICES PVT LTD,85,123,153,162,247,191,283,345,416,404,318,238,2965
776,M S AGRO INDUSTRIES,5,6,10,1,0,25,0,0,0,0,0,0,47
777,"M/S AJAY ENGINEERING WORKS EQUIPMENTS PVT LTD ,SAMBALPUR",3,5,4,3,2,9,9,6,1,3,2,5,52
778,M/S ASHOKA INDUSTRIES,4,2,1,2,4,0,1,2,2,1,1,4,24
779,M/S BHARAT TRAILERS,18,11,8,14,15,12,28,7,23,13,38,32,219
780,"M/S CHUDHURY ENGG. WORKS,BAMRA,SAMBALPUR",0,0,0,1,0,0,0,0,0,0,0,0,1
781,M/S DAS ENGINEERING WORKSHOP,0,0,0,1,1,0,0,0,0,1,0,0,3
782,"M/S FARMAX EQUIPMENTS, SAMBALPUR",1,0,0,0,0,0,0,0,0,0,0,0,1
783,M/S HARITKRANTI AGRO UDYOG,0,0,0,0,6,0,2,0,2,4,0,6,20
784,M/S HOTA AGRO (TRAILER),0,2,0,1,4,0,1,0,0,0,0,0,8
785,M/S JAVED STEEL INDUSTRIES,0,0,0,3,0,0,0,0,1,1,0,1,6
786,M/S KASTKAR AGRO INDUSTRIES,5,11,11,16,5,7,3,2,2,11,16,16,105
787,M/S KISHAN TRACTOR,1,0,0,0,0,0,0,0,0,0,0,0,1
788,M/S K K AGRO INDUSTRIES,2,1,2,1,0,1,1,3,5,2,6,0,24
789,M/S LAKSHMI ENGINEERING WORKS,0,1,0,0,0,1,0,0,0,0,0,0,2
790,M/S LOHIYA AGRO INDUSTRIES,1,3,0,1,1,0,4,1,1,0,0,1,13
791,M/S MAA MANGALA INDUSTRIES,2,9,7,10,11,1,4,5,4,10,6,6,75
792,M/S MAA MOTORS WORKS,0,0,0,2,1,4,0,2,1,0,1,1,12
793,M/S MAA MOTORS WORKSHOP,0,0,2,4,0,2,1,0,0,2,3,5,19
794,M/S NANDI ENGINEERING WORKS,0,0,0,0,0,0,0,3,0,0,0,4,7
795,M/S NATIONAL STEEL AND WIRE PRODUCTS SAMBALPUR,0,0,0,1,0,0,0,0,0,0,0,0,1
796,M/S NELATARA FABRICATION,0,0,0,0,0,0,0,0,0,1,0,0,1
797,M/S NEW SHETKARI ENGINEERING WORK,5,12,2,6,3,2,1,7,2,1,3,4,48
798,M/S NEW SHIV SHAKTI TRAILORS,0,0,0,0,0,0,0,0,1,0,0,0,1
799,"M/S PATEL & SONS ENGINEERING WORKS,SAMBALPUR",1,3,1,0,0,0,0,0,0,0,1,1,7
800,M/S POWER TECH TECHNOLOGY,2,0,0,0,2,1,0,0,1,0,0,1,7
801,M/S PRADHAN AGRO ENGINEERING,0,0,0,0,1,0,0,1,0,0,0,0,2
802,M/S RAM AGRO MACHINARY,7,5,4,3,4,3,5,0,0,4,2,4,41
803,M/S R.K. ENGINEERING WORKS,0,2,0,2,2,0,0,0,1,0,0,0,7
804,M/S SAI AUTO ENGINEERING WORKS,1,2,1,1,1,0,0,0,0,0,0,2,8
805,M/S. SANJUKTA AGRO MART,0,0,0,0,0,0,1,0,0,0,0,0,1
806,M/S SARANGI MOTROS,18,10,18,14,11,13,9,8,5,8,10,12,136
807,M/S SARMA ENGINEERING WORKS,0,0,0,2,0,2,1,0,1,0,0,0,6
808,M/S SCHWING STETTER (INDIA) PRIVATE LIMITED,77,80,68,78,75,68,67,78,67,67,80,78,883
809,M/S-SHRADHA INDUSTRIES,1,1,0,1,5,1,6,1,5,3,1,4,29
810,M/S SHREE SHYAM AGRO PRODUCTS,0,2,1,0,0,1,1,0,0,0,2,1,8
811,M/S SHRI DATTA WELDING WORKS,0,0,0,0,0,0,0,6,0,0,0,0,6
812,M/S SHRIRAM AUTO TECH PVT LTD,183,301,310,282,273,318,359,395,349,263,306,297,3636
813,"M/S.SOURAV ENTERPRISES,BHAWANIPATNA",0,1,0,0,0,0,0,0,0,0,0,0,1
814,M/S S.S. AGRO INDUSTRIES,0,0,1,0,0,0,0,0,7,0,0,0,8
815,"M/S SUBHAM ENGINEERING WORKSHOP, BALIAPAL, BALASORE",6,3,4,17,2,4,2,7,1,2,6,2,56
816,M/S SUPERIOR MANUFACTURING COMPANY,1,3,2,5,3,2,3,3,0,0,1,0,23
817,"M/S. VENKAT ENGINEERING WORKS, JAIPATNA",0,1,1,0,0,0,2,2,0,0,0,2,8
818,M/S VISHNU CLEAN ENERGY VEHICLES LLP,3,0,0,1,0,0,0,0,0,0,4,0,8
819,M/S YOGIRAJ ENGINEERING COMPANY,1,0,0,0,0,0,0,0,0,0,0,0,1
820,MUNDE MECHANICAL WORKS,4,4,7,3,5,11,0,1,14,12,2,8,71
821,MYTRAH MOBILITY PVT LTD,9,0,12,10,21,10,11,54,14,11,13,7,172
822,N0VA AUTOMOTIVE TECHNOLOGIES PVT. LTD,318,305,296,272,442,425,476,521,474,514,426,456,4925
823,NABHKIRAN AGRO INDUSTRIES,0,0,0,1,0,4,0,0,0,0,0,0,5
824,NABINA WELDING,0,1,0,0,0,0,0,0,0,0,0,1,2
825,"NAIK TROLLEY AND IMPL,SNG",37,16,19,29,86,199,166,156,122,75,47,98,1050
826,"NAIK TROLLEY&IMPLS,BHEDABAHAL",1,0,0,0,0,1,0,1,1,0,0,2,6
827,NAMAH INDUSTRIES PVT LTD,0,0,0,0,0,0,0,0,0,0,0,5,5
828,NAND ELECTRIC MOTOR VEHICLE PVT LTD,0,0,0,1,2,0,0,0,0,0,0,0,3
829,NARAINDASS AND SONS,0,0,0,0,0,0,0,1,0,0,0,3,4
830,NARINDERA AGRO WORKS,4,1,3,2,1,11,0,0,0,0,0,0,22
831,NARMADA INDUSTRIES,0,0,0,1,0,1,0,0,0,0,0,0,2
832,NATIONAL ENGG WORKS,0,0,0,0,0,0,0,0,0,0,0,2,2
833,NAVDURGA TRAILERS,0,0,0,0,0,0,0,0,0,0,5,0,5
834,NAZAR SINGH & SONS,4,2,1,0,3,14,0,0,1,7,2,6,40
835,NDS ECO MOTORS PVT LTD,0,0,1,0,2,1,1,0,1,0,1,0,7
836,NEEDLE EYE PLASTIC INDUSTRIES PVT LTD,51,50,72,49,96,33,47,31,96,40,60,42,667
837,NEELAM CYCLE,1,2,2,2,3,2,8,4,8,2,0,8,42
838,NEELKANTH FABRICATORS PVT LTD,1,0,0,0,0,0,0,0,0,0,0,0,1
839,NEERAJ AGRO INDUSTRIES,0,0,0,0,0,2,0,0,0,0,0,0,2
840,NEUON MOTORS LLP,1,4,1,11,4,4,8,5,2,2,0,3,45
841,NEW ARCANA INDIA,110,96,134,85,104,133,84,107,122,101,93,84,1253
842,NEW DEVE AGRO WORKS,3,6,3,3,5,17,0,0,0,1,0,0,38
843,NEW DURGA ENGINEERING,5,1,0,0,0,0,0,0,0,0,1,0,7
844,NEW FRIENDS INDUSTRIES,1,0,0,0,0,3,0,0,0,0,0,0,4
845,NEW GAHIR AGRO INDUSTRIES,4,6,15,10,1,22,0,3,3,4,2,7,77
846,NEW GOBIND AGRO INDUSTRIES,0,0,0,0,1,14,0,2,6,2,1,5,31
847,NEW GOLDEN AGRICULTURE,1,2,0,0,0,0,0,0,0,1,0,3,7
848,NEW GURDIAL AGRO INDUSTRIES,3,0,0,0,0,0,0,0,0,0,0,0,3
849,NEW GURDIAL AGRO INDUSTRIES PVT LTD,15,20,20,11,12,79,0,0,26,10,1,40,234
850,NEW HIND AGRO PVT LTD,1,1,2,0,0,2,0,0,0,0,0,0,6
851,NEW HOLLAND CONSTRUCTION EQUIPMENT(I) PVT.LTD.,2,0,0,0,0,2,2,0,0,3,2,1,12
852,NEW HOLLAND FIAT INDIA PVT. LTD.,1,1,0,1,0,15,0,0,0,0,0,0,18
853,NEW JANTA QUALITY TRAILOR,0,0,0,0,4,0,4,0,0,0,0,0,8
854,NEW KISAN ENGINEERING WORKS,0,2,1,3,1,2,0,1,0,0,0,0,10
855,NEW MALLIKARJUNA ENG WORKS,14,4,12,13,57,33,14,23,16,18,23,32,259
856,NEW MARTHWADA QUALITY TRAILOR,0,2,0,1,4,1,2,3,5,1,0,2,21
857,NEW SUPER QUALITY TRAILOR,5,15,2,2,2,2,8,2,1,13,13,10,75
858,NEWTON INDIA INDUSTRIES PVT LTD,1,2,0,0,0,0,1,0,0,1,0,0,5
859,NGAGE WHEEL PVT LTD,0,0,0,0,1,14,7,9,3,2,2,2,40
860,NHD MOTORS,29,31,17,22,31,20,28,37,30,16,39,26,326
861,NIBE MOTORS PVT LTD,0,0,2,16,0,0,1,0,0,0,0,0,19
862,NIKHIL AGRO ENTERPRISE,0,1,0,0,0,0,0,0,0,0,0,0,1
863,NINGBO LONGJIA (IMPORTER: ADISHWAR AUTO),23,13,19,28,15,12,20,10,6,14,18,13,191
864,NIPUN SANYANTRA PVT LTD,52,36,41,42,32,34,36,53,30,34,20,29,439
865,NIRMAL UTILITY SERVICES PVT LTD,0,3,1,0,2,1,2,3,2,1,4,3,22
866,NISIKI TECHNOLOGIES PVT LTD,12,7,13,5,31,26,22,11,10,9,6,12,164
867,NISSAN MOTOR INDIA PVT LTD,2889,2276,2704,2290,2319,2216,1994,2016,2176,2300,2520,2129,27829
868,N K INDUSTRIES,6,5,6,11,18,13,8,17,16,11,12,6,129
869,NRJ ELECTRIC MOTOR VEHICLES PVT LTD,139,117,178,167,166,200,213,298,274,306,235,357,2650
870,N.S. AGRO WORKS,2,4,4,1,4,6,0,0,2,1,2,2,28
871,NUMEROS MOTORS PVT LTD,0,94,31,70,3,3,106,62,9,9,18,68,473
872,OBEN ELECTRIC VEHICLES PVT LTD,0,0,0,0,0,0,21,0,26,3,0,0,50
873,OCULUS AUTO INDUSTRIES LLP,0,0,0,0,1,0,0,0,0,0,0,1,2
874,ODYSSE ELECTRIC VEHICLES PVT LTD,24,20,8,33,23,14,21,19,13,18,12,5,210
875,OGATA MOTORS INDIA PVT LTD,17,13,2,1,13,17,14,10,28,12,23,7,157
876,OKAYA EV PVT LTD,1265,1232,1765,1563,3878,424,784,1151,884,874,1297,710,15827
877,OKINAWA AUTOTECH PVT LTD,4408,3850,4509,3218,2908,2620,2265,2003,1791,1474,1606,966,31618
878,OK PLAY INDIA LTD,7,12,8,7,8,14,11,9,8,17,8,17,126
879,OLA ELECTRIC TECHNOLOGIES PVT LTD,18355,17774,21440,22070,28746,17692,19406,18750,18711,23894,30076,30472,267386
880,OLECTRA GREENTECH LTD,2,13,24,32,39,13,26,2,20,36,63,69,339
881,OM BALAJEE AUTOMOBILE ( INDIA) PVT. LTD,256,299,283,224,231,233,339,266,335,313,245,278,3302
882,OM BALAJI AUTOMOBILES I P LTD,5,4,0,0,0,0,1,0,0,0,0,0,10
883,OMEGA CONSTRUCTION EQUIPMENT PVT LTD,1,1,5,1,1,1,0,0,0,2,1,0,13
884,OMEGA SALES & AGRO INDUSTRIES,14,11,19,7,21,11,26,46,28,34,41,25,283
885,OMEGA SEIKI PVT LTD,297,223,654,246,206,206,352,280,362,291,259,305,3681
886,OM INDUSTRIES,0,0,0,0,0,0,0,0,0,0,1,43,44
887,OMJAY EV LIMITED,10,9,8,7,8,7,7,5,3,0,0,3,67
888,OM RAJ AUTOTECH LLP,47,100,100,83,86,98,104,129,97,100,141,118,1203
889,OM SHREE SAI ENGINEERING,5,2,0,3,3,1,1,2,8,3,1,1,30
890,"OM VINAYAK INDUSTRIES,BGH",0,1,0,0,1,0,0,0,1,0,1,0,4
891,ORDINANCE FACTORY,8,13,11,23,10,3,5,10,7,10,13,13,126
892,OTHERS,2662,2141,2358,2042,1932,1922,1730,1932,1683,2002,1957,1563,23924
893,OZOTEC AUTOMOBILE PRIVATE LIMITED,30,50,51,34,25,39,43,27,4,18,17,13,351
894,PAARTH SARTHI AUTOMOTIVE ENGINEERS PVT LTD,0,0,1,0,0,0,0,0,0,0,1,9,11
895,PACE AGRO PRIVATE LIMITED,1,2,13,2,2,2,2,4,9,1,1,2,41
896,PANESAR AGRICULTURE INDUSTRIES,0,1,0,0,1,1,0,0,0,0,0,0,3
897,PANESAR AGRO TECH,17,7,11,11,10,13,0,0,4,5,7,11,96
898,PANTHER ELECTRIC VEHICLES,4,3,18,4,2,12,15,5,10,1,0,3,77
899,PARAG AGRO,2,1,0,0,0,0,0,0,0,0,0,0,3
900,PARAMESWARA ENG. WORKS,0,0,0,0,0,0,0,0,0,0,2,0,2
901,PARAMOUNT AUTOMOTIVES,4,3,3,2,1,0,3,1,3,6,5,6,37
902,PARAS INDUSTRIES,138,156,189,245,255,281,280,368,333,313,317,373,3248
903,PARDEEP AGRO INDUSTRIES,5,1,2,2,2,4,0,1,0,5,1,0,23
904,PARI E-VEHICLES,62,55,41,39,60,49,52,44,38,36,46,50,572
905,PARI METRO E RICKSHAW,77,44,113,80,69,57,85,98,92,67,65,57,904
906,PARVEEN AUTO,0,0,1,6,1,6,7,10,13,6,7,8,65
907,PATEL INDUSTRIES,0,0,1,0,1,0,0,0,0,0,0,0,2
908,PATS MOTOR CORP,1,1,3,1,3,7,3,0,0,1,1,0,21
909,PAUL INDUSTRIES,3,1,1,1,3,0,1,1,0,5,2,2,20
910,PAUNIYA TRACTORS AND FARM EQUIPMENT PVT LTD,0,1,0,0,0,0,0,0,3,1,0,2,7
911,P B NATIONAL AGRICULTURE WORKS,0,0,0,0,0,3,0,0,0,0,0,0,3
912,PCA AUTOMOBILES INDIA PVT LTD,904,629,986,798,850,878,671,519,475,737,830,692,8969
913,PIAGGIO VEHICLES PVT LTD,9278,9791,11497,9236,8680,8970,10683,11390,11289,12754,12449,10902,126919
914,PILLING RIG,0,0,0,0,0,0,0,0,0,0,1,0,1
915,PINNACLE MOBILITY SOLUTIONS PVT LTD,0,0,0,0,2,0,3,10,0,7,2,5,29
916,PLAUDIT TECHNO INDIA PVT LTD,1,0,0,0,1,1,4,4,0,3,3,1,18
917,P M DIESELS PVT LTD,7,13,2,1,0,6,46,16,1,1,1,15,109
918,PMI ELECTRO MOBILITY SOLUTIONS PRIVATE LIMITED,48,53,6,18,48,19,20,37,34,0,0,6,289
919,PODDAR INDUSTRIES,0,0,0,0,0,1,1,0,0,0,0,0,2
920,POLARIS INDIA PVT LTD,7,2,7,9,9,7,11,9,16,6,9,11,103
921,POLYHOSE INDIA PRIVATE LIMITED - C E DIVISION,0,1,2,0,0,0,0,0,0,1,0,0,4
922,POOSHPAK AUTOMOBILES PVT LTD,0,0,4,0,0,3,1,0,1,5,41,10,65
923,PORFITEL TECHNOLOGY (IMPORTER: AERORIDE),10,22,26,15,15,13,12,30,20,14,10,27,214
924,PORSCHE AG GERMANY,67,48,75,58,54,46,49,85,69,81,80,85,797
925,PRAAKARM AUTO & CONSTRUCTION EQUIPMENTS,4,0,11,1,9,21,18,4,6,7,12,8,101
926,PRABHA AUTOMOTIVE ENGINEERS PVT LTD,0,0,0,0,6,1,0,0,0,0,1,0,8
927,PRAGATI AGRICULTURE,0,0,0,0,0,0,0,0,0,1,0,0,1
928,PRAGATI ENGINEERING,3,3,3,2,1,0,2,1,1,3,1,2,22
929,PRAG MOTORS,10,14,10,22,12,5,15,22,50,22,12,12,206
930,PRAGYA AUTOMOBILE PVT LTD,0,0,0,0,0,1,4,2,1,5,8,12,33
931,PRAJJWAL MAHAJAN TRADERS,0,0,0,0,0,0,0,0,0,0,13,0,13
932,PRAKASH ENTERPRISES,11,4,4,5,0,1,12,11,1,9,0,7,65
933,PRAKASH TRAILER,0,2,11,1,0,0,5,1,0,1,0,3,24
934,PRASAD AGRICULTURAL PRODUCT,0,0,1,0,0,0,0,0,1,0,0,0,2
935,PRASAD AND PRASAD ENG,0,0,0,0,1,0,1,0,0,0,1,1,4
936,PREEET AGRO INDUSTRIES PVT LTD,0,0,2,0,0,1,0,0,0,0,0,0,3
937,PREET AGRO INDUSTRIES PVT LTD,67,76,160,57,65,211,11,11,21,42,38,27,786
938,PREET TRACTORS PVT LTD,227,276,308,221,260,763,98,99,161,141,119,177,2850
939,PREET TRACTORS PVT. LTD.,0,0,0,0,0,1,4,0,0,0,0,0,5
940,PRESTANTIA CREATIONS PVT LTD,0,0,0,4,0,0,1,0,0,0,0,1,6
941,PRIDE E-MOTORS,27,28,52,24,39,48,52,53,60,40,24,53,500
942,PRINCE AGRO WORKS,2,4,4,1,1,5,0,0,0,0,0,0,17
943,PRIYAM INDUSTRIES AND ENGINEERING PVT LTD,0,0,0,0,0,0,0,0,0,1,7,32,40
944,PROPEL INDUSTRIES PVT. LTD.,1,0,0,0,0,0,0,2,1,3,0,0,7
945,PUBANG ETRON ELECTRIC MOTOR PVT LTD,2,4,2,0,3,1,0,1,0,0,0,3,16
946,PUJA ENGINEERING WORKS,1,0,0,0,0,0,0,0,0,0,0,0,1
947,PUNJAB AGRICULTURE WORKS,1,0,0,0,0,0,0,0,0,0,0,0,1
948,PUNJAB AGRO IMPLEMENTS INDUSTRIES,1,3,1,2,3,6,0,0,0,0,0,0,16
949,PUNJAB AGRO INDUSTRIES,0,1,0,0,0,0,0,0,0,0,0,0,1
950,PUNJAB BODY BUILDERS,0,0,0,0,2,0,3,4,2,1,1,9,22
951,PUNJAB ENGINEERING COMPANY,5,5,2,2,0,5,2,3,7,2,2,0,35
952,PUNJAB HI-TECH INDUSTRIES,1,2,11,0,1,9,1,2,0,0,1,2,30
953,PUNJAB HYDROLIC & ENGINEERS,0,0,0,0,0,1,0,2,0,0,0,0,3
954,PUNJAB TRACTORS LIMITED,2,4,1,2,0,1,0,1,1,1,1,2,16
955,PUR ENERGY PVT LTD,717,488,584,505,510,821,517,500,532,484,861,672,7191
956,PURVA UDYOG PVT LTD,4,2,3,1,0,3,0,0,1,0,7,2,23
957,PUSHKAR INDUSTRIES,2,11,3,1,16,2,1,3,2,13,7,8,69
958,PVT MAKER,0,0,0,0,14,0,0,0,0,0,0,0,14
959,PYTHOX MOTORS PVT LTD,7,17,19,4,31,25,49,27,40,42,29,48,338
960,QIANJIANG-KEEWAY (IMPORTER: ADISHWAR AUTO),91,64,111,62,65,60,87,61,82,69,76,50,878
961,QICHENG VEHICLE (IMPORTER: AUTOICARE INNOVATION),0,0,0,6,6,14,10,8,6,15,7,9,81
962,QOOKEE TECHNOLOGIES (IMPORTER:VIKEBIKE INDIA),0,0,0,0,0,0,1,1,1,0,2,5,10
963,QUALITY ENGINEERING WORK,0,2,0,0,2,0,0,0,0,2,0,0,6
964,QUANTUM ENERGY LTD.,38,33,26,72,59,81,218,271,300,258,346,671,2373
965,R3 ENTERPRISES,21,25,11,38,31,47,34,45,71,83,48,47,501
966,RACCOON MOTORS PVT LTD,0,3,3,1,3,3,3,1,0,1,0,0,18
967,RADHESHYAM TRAILOR,0,0,22,1,0,1,14,0,24,0,16,4,82
968,RAHUL AGRO EXPORTS PVT LTD,3,22,23,10,16,10,1,8,15,6,5,5,124
969,RAJA ARTS HITECH ENGINEERING,0,0,0,0,0,1,0,0,0,0,0,0,1
970,"RAJA RANEE AGRO E WORKS,ANGL",0,0,0,0,0,0,0,3,1,1,0,0,5
971,RAJ AUTOMOTIVE,7,16,13,0,15,0,11,4,11,4,10,7,98
972,RAJESH STEEL AND WIRE INDUSTRIES,2,0,1,0,0,0,1,1,2,0,0,1,8
973,RAMA ENGINEERING WORKS,0,0,1,0,0,0,0,0,0,0,0,0,1
974,RAM AGRO INDUSTRIES,1,2,7,1,7,26,0,2,5,2,1,1,55
975,RAMA INDUSTRIES,0,0,0,0,0,0,0,0,0,0,2,2,4
976,RAMAN AGRO INDUSTRIES,0,0,1,0,0,0,0,0,0,0,0,0,1
977,RAM CHAND & SONS,0,4,6,4,3,8,0,0,1,0,1,2,29
978,RAMGARHIA ENGG WORKS,3,1,3,1,6,8,0,0,1,0,0,0,23
979,RAMJI AGRO INDUSTRIES,1,1,0,1,0,2,0,0,0,0,0,0,5
980,RAM JI ENGINEERING WORKS,0,2,0,1,0,6,0,0,0,0,0,0,9
981,RAMON INDUSTRIES,4,10,13,14,8,14,8,10,6,2,8,17,114
982,RANA ENGINEER WORKS,26,20,14,12,29,28,57,90,68,73,64,94,575
983,RANI TRAILER,0,0,0,0,0,0,0,1,0,0,0,0,1
984,RASANDIK ENGINEERING INDUSTRIES INDIA LTD,3,7,7,8,7,5,7,9,41,10,27,21,152
985,RASIWASIA RASAYAN PVT LTD,0,0,0,0,1,0,0,0,0,0,0,1,2
986,RATAN ENGINEERING WORKS,0,0,0,0,5,0,1,2,4,0,1,4,17
987,RATNA ENGINEERING ENTERPRISES,0,1,1,1,3,0,0,0,1,3,0,0,10
988,RAVI METAL WORKS,0,0,0,0,0,0,1,0,0,1,0,19,21
989,RAVINDRA AGRO WORKS,0,1,1,0,0,0,0,0,0,0,0,0,2
990,RAYON ENGINEERS,41,68,68,72,67,108,121,157,115,120,99,140,1176
991,R B INDUSTRIES,1,0,0,0,0,0,0,0,0,0,0,0,1
992,RCJ AUTO FORGE PVT LTD,42,33,38,60,39,51,39,60,36,71,75,65,609
993,RD AND CO,0,0,0,0,0,0,1,0,0,0,0,0,1
994,REEP INDUSTRIES PVT LTD,5,61,111,90,101,267,127,15,43,82,115,66,1083
995,REFLEX CONTROL SYSTEM PVT .LTD,15,10,11,5,8,3,7,2,8,7,10,10,96
996,RENAULT INDIA PVT LTD,7328,4945,5211,4184,4407,4314,3902,3986,3593,4167,3942,2965,52944
997,REPUBLIC MOTORS,4,1,2,2,1,6,0,19,62,86,14,40,237
998,REVOLT INTELLICORP PVT LTD,14,79,1140,526,572,714,484,515,890,689,671,683,6977
999,RGM BUSINESS PLUS PVT LTD,94,88,91,72,76,74,61,69,62,47,45,43,822
1000,RIBAND ELECTRIC PVT LTD,36,25,66,53,35,44,50,47,41,33,24,42,496
1001,RIVER MOBILITY PVT LTD,0,0,0,0,0,0,0,0,0,14,43,35,92
1002,RIYA ENTERPRISE,10,5,2,3,5,0,2,2,1,0,0,1,31
1003,"RK ENGG WORKS,JUNAGARH",0,0,1,0,0,0,0,0,1,0,0,0,2
1004,R.K.TRAILORS,1,0,0,0,0,0,0,0,0,0,0,0,1
1005,ROANSOME MOTORS,0,0,0,0,0,0,0,0,2,2,0,0,4
1006,ROARLEO MOTOR PVT LTD,18,41,32,28,24,26,32,9,19,51,16,42,338
1007,ROLLS ROYCE,0,1,1,0,1,1,0,0,0,0,0,0,4
1008,ROLLS-ROYCE MOTOR CARS(IMPORTER:SELECT CARS P LTD),0,0,0,2,1,1,3,1,3,1,4,2,18
1009,ROLLS ROYCE MOTOR (IMPORTER: KUN MOTOR),2,1,1,1,1,4,3,3,1,1,2,2,22
1010,ROOPRAI AGRO INDUSTRIES,0,1,0,0,0,4,0,0,2,0,0,1,8
1011,ROWWET MOBILITY PVT LTD,15,7,6,1,8,6,6,6,4,4,1,4,68
1012,ROYAL AUTOMOBILES,0,0,0,0,0,0,0,0,0,0,1,0,1
1013,ROYAL-ENFIELD (UNIT OF EICHER LTD),65157,65141,71040,61884,69672,62382,56335,59613,64174,69879,83980,56062,785319
1014,ROYAL TRACTOR PVT LTD,0,0,2,0,10,1,0,0,3,0,0,2,18
1015,RP MOTORS,0,0,0,0,0,0,0,0,0,0,12,20,32
1016,RSB AGRO INDUSTRIES,1,1,0,0,0,0,0,0,0,0,0,0,2
1017,RSD SECURITY SOLUTIONS PVT LTD,1,0,0,0,0,0,0,0,0,0,0,0,1
1018,RUPAL AGRO IND,0,0,0,0,0,1,0,0,0,0,0,0,1
1019,RUPAL AGRO INDUSTRIES,1,1,2,1,4,10,0,1,2,0,0,2,24
1020,RUTBA PRODUCT PVT LTD,54,41,74,35,31,45,44,54,67,81,42,60,628
1021,SACHITANAND ENGINEERING WORKS,1,0,0,1,0,0,0,0,3,0,0,0,5
1022,SADGURU TRAILER & AGRI EQUIP,5,1,4,0,2,0,2,3,0,0,0,1,18
1023,SAERA ELECTRIC AUTO PVT LTD,1748,1856,2243,1857,2059,2363,2724,2857,3141,3133,2702,2653,29336
1024,SAGAR AGRO STEEL INDUSTRIES,9,20,8,10,18,17,4,15,11,27,13,15,167
1025,SAGAR FABRICATIONS,4,1,0,0,0,3,0,0,0,2,0,0,10
1026,SAGAR INDUSTRIES,0,0,0,0,0,0,1,4,3,0,0,0,8
1027,SAHARA TRALIORS,0,0,1,0,0,0,0,4,8,0,0,6,19
1028,SAHKAR AGRO IND,0,0,1,0,0,0,0,0,0,0,0,0,1
1029,SAHNIANAND E VEHICLES PVT LTD,307,349,318,427,404,465,446,580,617,527,644,704,5788
1030,SAHU INDUSTRIES,3,1,2,3,3,1,0,1,1,4,7,5,31
1031,SAI AGRO INDUSTRIES,0,0,0,1,1,0,2,1,0,3,2,1,11
1032,SAI BABA FABRICATION,1,2,2,0,0,1,0,0,0,0,0,0,6
1033,SAI ENGINEERING AND WELDING WORKS,1,16,6,5,6,3,1,5,5,2,9,4,63
1034,"SAI KRIPA ENG WORKS, HALADIAPADAR,BERHAMPUR,GANJAM",0,2,1,0,0,0,0,0,0,0,0,0,3
1035,"SAI KRUPA ENGG WORKS,BHMPUR",1,0,3,3,3,4,6,4,2,5,5,4,40
1036,SAINIK CYCLE MART,2,4,0,9,3,1,5,0,4,4,0,4,36
1037,SAI SAMEER POWER ELECTRIC VEHICLES PVT LTD,0,2,8,1,1,0,0,3,5,1,1,0,22
1038,SAI TRAILERS,1,0,1,0,1,0,0,0,2,2,3,0,10
1039,SAJEDA ENGINEERING BHAWANIPATNA,1,0,0,0,0,1,0,2,1,2,1,0,8
1040,SAKSHAM TECH AUTOMOBILES,18,8,25,15,10,19,13,21,12,15,7,12,175
1041,SAKSHAM TRADING COMPANY,2,2,0,0,0,0,0,0,0,0,0,0,4
1042,SAMALESWARI ENGG WORKS,0,2,0,1,0,1,0,0,0,1,0,0,5
1043,"SAMAL FABRICATOR,BARCHANA",2,3,3,3,1,2,0,0,1,1,0,2,18
1044,SAME DEUTZ - FAHR INDIA (P) LTD.,82,89,99,58,99,164,77,81,43,78,49,55,974
1045,SAMEER ENGINEERING,0,0,0,0,0,0,0,2,0,0,0,3,5
1046,SAMRAT ELECTRIC VEHICLE,38,29,37,47,29,64,73,96,84,56,59,65,677
1047,"SAMRAT MOTORS, BHUBANESWAR",0,0,0,0,0,1,0,0,0,0,0,0,1
1048,S AND J INDUSTRIES,21,9,18,19,3,16,10,6,7,5,5,7,126
1049,"S AND S ENGG WORKS,BGH",0,0,0,0,0,0,0,0,0,0,1,0,1
1050,SANSAR COMBINE,0,0,3,1,0,0,0,0,0,0,0,0,4
1051,SANTOSH ENGG WORKS,6,18,9,4,20,0,15,11,4,0,8,0,95
1052,SANY HEAVY INDUSTRY INDIA PVT LTD,28,36,29,32,28,20,29,37,40,37,31,35,382
1053,SANY HEAVY INT. LTD. PR C,2,0,0,0,0,0,0,0,0,0,0,0,2
1054,SANY INDIA,0,0,5,0,0,0,0,0,0,0,0,0,5
1055,SARALA ENTERPRISES CUTTACK,0,0,0,0,0,1,0,1,0,0,0,0,2
1056,"SARASWATI AGRO INDUSTRIES,CTC",1,3,6,2,2,2,4,3,2,1,3,0,29
1057,SARAVANA ENGINEERING WORKS,0,1,0,29,22,50,91,3,6,0,1,1,204
1058,SAROOP AGRO INDUSTRIES,0,1,1,0,0,0,0,0,0,0,0,0,2
1059,SARSWATI AGRO CO.,0,0,2,1,0,1,0,0,0,0,0,0,4
1060,SATHI MOTORS ELECTRIC VEHICLE PVT LTD,104,110,181,153,203,212,299,396,337,296,275,265,2831
1061,SATKAR ENGINEERING WORKS,0,0,0,0,1,2,0,0,0,0,0,0,3
1062,SATKARTAR AGRO WORKS,0,0,0,0,1,2,1,0,0,0,1,1,6
1063,SATNAM ENGG WORKS,2,0,5,1,0,6,0,1,1,0,0,1,17
1064,SATRAC ENGINEERING PVT LTD,39,40,61,0,50,30,45,47,34,72,10,41,469
1065,SATYANARAYANA ENGG.WORKS,2,2,2,2,2,5,3,1,0,0,2,1,22
1066,"SATYASAI INDUSTRIES,DHENKANAL",0,0,0,0,0,0,0,0,0,1,0,0,1
1067,SAURYAA SHARYO CORPORATION,0,0,3,0,0,0,0,0,0,0,0,0,3
1068,SAYA AGRO INDUSTRIES,1,2,4,0,0,0,1,0,0,1,2,1,12
1069,SBTEK E MOTO PVT LTD,1,1,7,0,3,3,1,3,0,1,2,0,22
1070,S B TRADERS,0,1,2,0,2,3,2,2,1,5,0,11,29
1071,SCA HAEVY EQUIPMENT PVT. LTD,6,1,0,0,0,1,0,1,1,0,0,0,10
1072,SCANIA COMMERCIAL VEHICLES INDIA PVT LIMITED,10,0,7,7,5,1,8,3,0,13,33,0,87
1073,SCHEUERLE FAHRZEUG FABRIK(GMBH),8,0,11,0,0,0,0,4,0,10,0,0,33
1074,SCHWING STETTER INDIA PL,2,0,2,0,0,0,0,0,0,0,0,0,4
1075,SCOOTERS INDIA LTD,0,0,0,0,0,0,1,0,0,0,0,0,1
1076,SDR AUTO PVT LTD,0,0,0,0,1,0,0,0,0,1,0,0,2
1077,SEALION AUTOMOBILE PVT LTD,2,4,2,12,2,0,5,3,4,2,0,0,36
1078,SEAMLESS AUTOTECH PVT LTD,0,0,0,2,10,10,0,0,0,0,0,0,22
1079,SEC RJMT ENGG.PVT.LTD.,1,0,0,0,0,0,0,0,0,0,0,0,1
1080,SEC-RJMT ENGINEERING PVT LTD,6,8,5,2,1,3,9,7,4,5,8,14,72
1081,SEEKA E MOTORS PVT LTD,0,0,0,0,1,0,0,0,0,1,0,1,3
1082,SEN AND PANDIT VOLTAGE CONTROL PVT LTD,1,3,3,1,3,7,19,2,1,7,6,1,54
1083,SENNEBOGEN EXCAVATOR 821E,0,0,0,0,0,0,1,0,0,0,0,1,2
1084,SETH INDUSTRIAL CORPORATION,34,45,68,75,124,104,69,82,68,110,74,59,912
1085,SF2 E VEHICLE PVT LTD,9,1,10,5,11,1,7,0,0,4,1,0,49
1086,SGLLINE MOTORS PVT LTD,0,10,4,0,0,1,3,0,8,2,1,2,31
1087,SHAH AGRO ENGG WORKS,0,0,0,0,0,0,0,1,0,0,0,0,1
1088,SHAILENDRA AUTOS PVT LTD,0,0,0,0,0,0,0,6,2,4,2,26,40
1089,SHAKTI AUTO GREEN,50,33,84,44,58,65,83,75,60,69,79,89,789
1090,SHAKTI ENGINEERING WORK,0,7,5,0,1,1,0,0,0,0,0,0,14
1091,"SHAKTI EN WORKS HALADIAPADAR,BERHAMPUR,GANJAM",0,0,0,0,0,0,1,0,0,0,0,0,1
1092,SHAKTIMAN AGRO INDUSTRIES,8,6,14,5,1,27,6,1,3,24,5,9,109
1093,SHAKTTI CONSTRUCTIONS EQUIPMENT PVT LTD,24,21,28,25,22,21,16,19,24,25,25,28,278
1094,SHALYA AUTO SALES PVT LTD,52,48,50,55,51,49,45,63,45,53,44,62,617
1095,SHAMMI ELECTRONICS,0,0,0,0,4,3,5,5,4,1,3,3,28
1096,SHARMA-SHARMA ENGN WORKS,0,1,0,0,1,0,1,1,1,0,1,0,6
1097,SHEHALPREET ENGG WORKS,1,2,2,0,6,9,0,0,0,0,0,0,20
1098,"SHEKHAR ENGINEERING,JAJPUR",1,0,0,1,0,0,0,0,1,0,0,0,3
1099,SHERARAM TRAILERS,0,0,0,0,0,0,0,0,0,0,1,0,1
1100,SHIGAN EVOLTZ LTD,27,33,35,36,28,30,78,58,24,36,17,29,431
1101,SHINE METAL UDYOG PVT LTD (UNIT- II),0,5,11,12,9,3,5,14,12,7,14,18,110
1102,SHINME ELECTRICAL VEHICLE PVT LTD,0,0,0,5,18,19,10,10,13,12,22,11,120
1103,SHIVA GAYATRI ENGG WORKS,67,110,115,116,34,86,51,46,10,23,25,12,695
1104,SHIV AGRO INDUSTRIES,10,15,9,6,10,11,14,12,25,20,18,13,163
1105,SHIVAJI AGRO INDUSTRIES,2,1,0,3,1,0,2,4,0,0,1,1,15
1106,SHIVASHAKTHI ENG WORKS,3,10,16,20,28,7,21,32,20,13,20,15,205
1107,SHIVKRUPA TRAILOR,2,1,0,0,1,0,3,1,1,0,0,3,12
1108,SHIV OM INDIA,6,4,5,3,14,14,42,16,10,24,18,41,197
1109,SHIVRAJ TRAILOR,1,11,2,7,5,3,0,5,0,0,2,1,37
1110,SHIVSHAKTI STEEL INDUSTRIES LATUR,2,0,0,1,1,0,0,0,0,0,0,0,4
1111,SHOBHA ENG WORKS,0,0,4,1,3,0,0,0,1,3,2,0,14
1112,SHREE AMEE CONST EQUP,1,0,0,0,0,0,0,0,0,0,0,0,1
1113,SHREE BALAJI ENGINEERING WORK SHOP,4,2,1,1,3,0,4,3,1,1,1,2,23
1114,SHREE JAGDAMBA TROLLY,0,0,0,0,0,0,0,1,0,0,0,0,1
1115,SHREE MARUTI NANDAN BUSINESSS (P) LTD,32,25,21,29,32,24,37,23,15,23,19,28,308
1116,SHREE SAI AGRO ENGINEERING WORKS,5,2,9,6,1,1,3,10,5,5,5,12,64
1117,SHREYA ENGINEERS,0,0,0,0,0,0,2,1,3,2,0,1,9
1118,SHRI AVP ENGINEERING WORK,0,0,1,0,0,0,0,0,0,2,0,1,4
1119,SHRI BARSANA E-VEHICLES PVT LTD,176,222,253,219,295,299,350,428,427,457,466,497,4089
1120,SHRI DATTA AGRO INDUSTRIES,0,0,0,0,1,1,0,0,1,0,0,2,5
1121,"SHRI DATTAKRUPA ENGINEERING WORKS, BARAMATI",0,0,0,0,0,0,0,0,0,0,1,0,1
1122,SHRI GAJALAXMI ENGG WORKS,0,1,2,0,1,1,0,1,0,0,0,0,6
1123,SHRI GANESH ENGINERRING WORKS,7,3,4,10,4,4,11,7,5,1,5,7,68
1124,SHRI KRISHNA INDUSTRIES,1,1,3,0,2,0,2,0,1,4,5,0,19
1125,SHRI LAXMI ENGINEERING WORKS,14,6,4,3,0,10,1,9,4,7,13,7,78
1126,SHRI MAHALAXMI AGRO IND,1,1,3,1,1,2,0,0,0,1,0,0,10
1127,SHRI NAMO ELECTRIC AUTOMOTIVE,49,43,57,46,50,54,39,75,52,66,52,62,645
1128,SHRI NANDI TRAILER WORKS,0,0,0,2,0,0,0,1,0,0,0,2,5
1129,SHRINIWAS AGRO INDUSTRIES,8,8,5,1,16,5,6,13,2,0,2,4,70
1130,SHRI RADHE ENGG,0,0,0,0,0,0,0,0,2,0,0,0,2
1131,SHRIRAJ ELECTRIC VEHICLES,180,213,306,149,228,187,238,237,257,212,262,259,2728
1132,SHRI RAMA ENGINEERING,2,0,0,2,2,2,2,4,0,0,0,0,14
1133,SHRI RAM AGRO INDUSTRIES,0,0,0,0,3,0,5,3,3,2,2,1,19
1134,SHRI RAM AUTO TECH PVT LTD,1,0,1,0,0,0,0,0,0,1,0,0,3
1135,SHRI RAM TRAILOR,1,0,1,0,0,1,0,0,0,2,0,0,5
1136,SHRI SAI ENGG WORKS,1,2,0,0,0,7,17,18,14,9,21,17,106
1137,SHRI SAI SANTOSHI MATA AGRICULTURAL WORKS,0,0,2,0,0,4,0,0,2,0,2,0,10
1138,SHRI SHANKAR ENG WORKS,10,7,7,1,10,7,11,8,7,9,5,22,104
1139,SHRI SHIVAJI ENG WORKS,2,1,3,0,1,0,0,2,3,1,5,5,23
1140,SHRI SHIVSHIDHA AGRI IMPLIMENT,0,0,0,0,0,0,4,0,0,0,0,0,4
1141,SHRI SHRINIVASA ENG WORKS,1,0,31,51,21,20,19,4,1,3,6,12,169
1142,SHRI SHYAM ENGG WORKS,4,5,8,0,0,0,0,0,0,0,0,0,17
1143,SHRI SHYAM INDUSTRIES,0,0,0,0,0,0,0,0,0,0,1,0,1
1144,SHRI SWASTIK ENGG,4,6,12,8,4,6,3,4,6,4,8,5,70
1145,SHRI TIRUMALA ENGINEERING WORKS,4,6,7,8,8,3,3,3,3,2,4,4,55
1146,SHRI VADESHWAR TRAILORS,3,0,8,2,2,1,0,0,0,0,4,4,24
1147,SHRI VENKATARAMANA TRAILER WORK,1,0,1,2,1,0,0,0,0,1,0,0,6
1148,SHRI VENKATESHWARA ENGINEERING WORKS,0,3,2,1,7,2,5,5,3,6,4,3,41
1149,SHRI VENKATESHWAR AGRO INDUSTRIES,1,0,0,0,0,3,0,0,0,0,1,0,5
1150,SHRI VIJAY ENGINEERING WORKS,0,1,0,0,0,1,1,0,2,0,0,2,7
1151,SHRI VINAYAK INDUSTRIES,1,1,0,0,4,2,0,2,1,3,7,1,22
1152,SHRI VISHWAKARMA AUTOMOBILE,6,9,12,21,13,5,6,3,7,26,17,10,135
1153,SHUBHAM MANUFACTURER,0,0,0,0,0,0,0,0,2,1,0,3,6
1154,SHUBHLAXMI AGRO IND.,0,0,1,0,0,0,0,0,0,0,0,0,1
1155,SIDDHAKALA ENGINEERING AND WELDING WORKS,0,0,0,0,0,0,0,0,0,0,1,1,2
1156,SIDDHI ENGINEERING WORKS,1,2,0,1,2,0,0,0,0,0,0,0,6
1157,SIDHI DURGA ENGINEERING,3,5,6,7,4,3,5,2,6,9,7,11,68
1158,SIGMACON EQUIPMENT LLP,1,0,0,0,0,0,0,0,0,0,0,0,1
1159,SIMPLEENERGY PVT LTD,0,0,0,0,0,10,14,13,2,0,0,27,66
1160,SINGHAL ENTERPRISES,8,8,8,7,20,8,17,17,5,11,18,9,136
1161,SINGH AUTOMOBILES,0,3,23,23,16,39,38,47,30,43,43,54,359
1162,SINGH ENGINEERING WORKS,0,0,0,0,0,0,1,0,2,2,0,0,5
1163,SIRF INDIA VEHICLES PVT LTD,1,0,0,4,0,0,0,0,5,3,6,8,27
1164,SITYOG ENGINEERING PVT LTD,0,2,1,0,0,0,2,0,0,0,0,0,5
1165,SIWACH STEEL PVT LTD,2,5,0,2,12,1,0,0,0,0,1,1,24
1166,SIX SENSES AUTOMOTIVE PVT LTD,1,2,0,0,0,1,1,3,0,0,1,3,12
1167,SKODA AUTO AS,0,0,0,0,0,0,1,0,0,0,0,0,1
1168,SKODA AUTO INDIA PVT LTD,0,1,2,0,2,1,0,0,0,0,1,0,7
1169,SKODA AUTO VOLKSWAGEN INDIA PVT LTD,8728,6971,8165,6881,6687,6820,7154,7912,8169,8170,7947,7174,90778
1170,SKS AUTOMOBILES (I) PVT LTD,0,2,0,0,0,0,0,0,0,0,0,0,2
1171,SKS TRADE INDIA PVT LTD,613,528,776,604,741,721,891,998,1015,1042,1077,1081,10087
1172,SKYRIDE AUTOMOTIVE,5,3,7,7,5,1,2,0,2,2,1,5,40
1173,SKYY RIDER ELECTRIC PRIVATE LIMITED,0,0,0,0,0,0,0,0,0,0,0,1,1
1174,SMAP VEHICLES (IMPORTER: ELEGO MOTORS),0,0,0,0,0,0,0,2,8,4,0,1,15
1175,SMART ELECTRO MOTORS,0,0,0,9,1,10,5,3,1,10,2,6,47
1176,SMARTOMATIC VEHICLES PRIVATE LIMITED,0,0,0,0,0,0,0,0,2,0,0,0,2
1177,SMITH MOTORS PVT LTD,0,0,0,0,0,0,0,0,0,1,0,3,4
1178,SML ISUZU LTD,728,556,868,1183,1222,1269,1138,914,775,681,581,636,10551
1179,SN SOLAR ENERGY,1,1,10,5,2,20,12,26,16,28,20,46,187
1180,SOKUDO ELECTRIC INDIA PVT LTD,0,0,1,0,3,9,10,7,20,26,11,45,132
1181,SOLANKE ENGINEERING WORKS,3,4,0,2,0,1,0,0,1,0,0,3,14
1182,SONALIKA INTERNATIONAL TRACTORS LIMITED,4,3,3,3,6,4,7,7,2,8,5,0,52
1183,SONI E VEHICLE PVT LTD,4,0,5,0,10,4,5,11,6,8,8,3,64
1184,SPEED AUTO TECH,0,8,8,18,7,3,15,2,10,0,16,0,87
1185,SPEEDWAYS ELECTRIC,0,0,0,0,1,1,1,0,1,0,1,0,5
1186,SPEEGO VEHICLES CO PVT LTD,286,359,545,292,402,366,459,364,400,442,382,473,4770
1187,SPEEGO VEHICLES PVT. LTD,9,3,0,0,0,0,0,0,0,0,0,0,12
1188,"S P TRADING, KHURDA",6,6,3,4,4,7,2,1,5,3,9,5,55
1189,S R AGRICULTURE EQUIPMENTS CO (P) LTD,4,2,4,1,1,0,2,2,1,1,1,0,19
1190,SRD RENEWABLES,171,149,215,211,156,209,187,211,144,142,137,189,2121
1191,"SRI AGENCY & FABRICATION,GOPINATH NAGAR,BERHAMPUR",5,3,1,0,0,0,0,1,1,0,1,0,12
1192,"SRI GANESH ENG WORKS, HALADIAPADAR, GANJAM",0,0,0,7,0,0,0,0,0,0,0,0,7
1193,SRI LAKSHMI ENGINEERING INDUSTRIES,0,0,1,0,0,1,1,0,0,0,0,0,3
1194,SRI SAI AGRICULTURAL EQUIPMENT,13,3,2,13,14,4,13,21,4,13,25,9,134
1195,SRIVARU MOTORS PVT LTD,1,1,4,3,2,4,2,2,3,1,1,0,24
1196,S S AGRO INDUSTRIES,0,0,0,0,1,0,0,0,0,0,1,0,2
1197,S.S. AGRO TECH,3,2,1,3,0,4,0,1,1,0,0,0,15
1198,SSB INDISTRIES,110,152,164,154,190,240,160,240,248,191,205,194,2248
1199,SSEV ENTERPRISES PRIVATE LIMITED,43,91,57,61,58,64,88,85,50,75,26,69,767
1200,S S GLOBAL,0,0,0,0,0,0,2,1,1,0,2,0,6
1201,STANDARD COMBINES PVT LTD,0,0,0,1,1,0,0,0,1,0,0,0,3
1202,STANDARD CORPORATION INDIA LTD,13,10,14,10,16,27,10,5,6,6,8,18,143
1203,STAR AGRO INDUSTRIES,0,2,0,0,0,0,0,0,1,0,0,0,3
1204,STAR BULL E MOTORS,186,128,242,206,180,156,186,166,162,128,135,202,2077
1205,STAR IGLOBAL AUTOMOTIVE PVT LTD,40,36,36,9,57,44,60,62,38,56,72,62,572
1206,STAR WELDING WORKS,3,2,1,1,2,1,2,0,0,0,1,1,14
1207,SUBHADRA ENGINEERING NUAPADA,7,6,11,8,7,5,3,4,6,5,7,9,78
1208,SUBHLAXMI AGRO,3,1,0,0,0,0,0,1,0,0,0,0,5
1209,SUBRAMANYESWARA INDUSTRIES,2,2,3,1,4,0,8,7,1,2,2,3,35
1210,SUDHA ENGINEERING WORKS,3,0,0,2,1,3,1,1,1,1,3,0,16
1211,SUDHRAJ ELECTRIC MOBILITY PVT. LTD.,2,10,8,14,1,8,6,17,21,24,24,40,175
1212,SUKHDEV AGRO INDUSTRIES,0,1,0,1,0,1,0,0,0,0,3,0,6
1213,SUKHRAJ & SUKHRAJ INDUSTRIES,0,0,0,1,0,3,0,0,0,0,0,0,4
1214,SUMFONL AUTO TRADERS PVT LTD,10,9,14,9,36,38,38,28,33,34,24,13,286
1215,SUNANDA GREENTECH PVT LTD,0,0,0,0,0,0,0,0,0,0,3,8,11
1216,SUNARIYA MOTORS PVT LTD,0,0,0,0,0,7,4,7,8,4,5,1,36
1217,SUN AUTO,0,0,0,0,1,0,0,0,0,0,0,0,1
1218,SUNIL AGRO ENGINEERING WORKS,2,5,2,5,2,1,2,9,0,11,5,3,47
1219,SUNSET TRADE PVT LTD,38,25,16,24,33,25,35,38,20,53,38,32,377
1220,SUNSHINE TECHNOLOGIES,0,0,0,0,0,0,0,0,0,2,0,0,2
1221,SUNULTRA POWER SOLUTIONS PVT LTD,9,6,8,8,23,16,23,16,10,6,7,10,142
1222,SUPERECO AUTOMOTIVE CO,23,7,14,9,50,86,11,19,10,13,6,18,266
1223,SUPERECO AUTOMOTIVE CO LLP,0,0,0,0,1,0,0,0,0,0,0,0,1
1224,SUPER METRO INDUSTRIES,105,82,110,137,115,93,86,110,126,96,68,70,1198
1225,SUPER POWER MOTORS,0,0,0,0,0,0,0,0,0,0,0,2,2
1226,SUPER STANDARD AGRO COMBINE,0,1,2,2,0,4,0,0,0,0,0,1,10
1227,SUPERTECH EV LIMITED,122,146,204,167,181,155,182,164,170,183,178,168,2020
1228,SUPREME SMART POWER PVT LTD,23,29,20,25,47,44,39,48,58,20,25,56,434
1229,SUPROVA ENTERPRISE,0,0,0,0,0,0,0,2,1,0,1,0,4
1230,SURAJ ENGINEERING WORKS,1,4,0,0,3,0,0,1,0,0,0,2,11
1231,SURINDERA AGRO INSDUSTRIES,19,25,30,12,20,46,0,0,6,10,11,4,183
1232,SURYA INDUSTRIES,0,1,2,0,1,0,0,1,0,0,0,0,5
1233,SURYA INTERNATIONAL,0,3,0,5,0,0,2,0,2,2,0,2,16
1234,SURYA STEEL WORKS,0,0,0,0,0,0,0,0,0,0,8,0,8
1235,SURYODAY MECHANICAL WORKS,0,0,0,0,0,0,0,0,1,0,0,0,1
1236,SUZUKI JAPAN,0,1,0,2,0,0,0,0,0,0,1,0,4
1237,SUZUKI MOTORCYCLE INDIA PVT LTD,59832,59232,64625,61974,61731,62692,62764,69502,73849,80292,83129,66538,806160
1238,SVS ENTERPRISES,0,0,0,5,3,9,16,14,8,14,4,11,84
1239,SWADESH MOTORS AND TRACTORS LTD,2,0,0,0,0,0,0,0,0,0,0,0,2
1240,"SWAPNA FABRICATION WORKS,MALKANGIRI",0,2,1,0,0,0,0,1,1,3,1,3,12
1241,SWARAJ AUTOMOTIVES LTD,0,2,4,5,6,4,6,0,0,7,8,0,42
1242,SWARNCHAKRA AUTOMOBILES PVT LTD,1,1,1,0,0,0,0,0,0,0,0,2,5
1243,SWASTIK ENGINEERING WORKS,0,0,0,1,1,2,0,1,0,0,0,0,5
1244,SWITCH MOBILITY AUTOMOTIVE LTD,35,18,31,13,5,5,9,10,12,9,7,4,158
1245,SYAN AGRO INDUSTRY,5,5,13,6,4,30,1,9,9,5,2,13,102
1246,SYNDICATE AUTO COMPONENTS,6,14,13,5,3,10,5,2,6,3,5,5,77
1247,TADANO LIMITED,0,0,0,1,1,0,2,0,0,1,1,0,6
1248,TAFE LIMITED,7967,6604,8951,6756,8935,11204,12423,9567,6866,8685,7234,8056,103248
1249,TAO POWER PRIVATE LIMITED,0,0,0,1,3,1,0,0,1,4,0,1,11
1250,TARA MAA MACHINERY,0,0,0,0,0,0,0,0,0,21,2,3,26
1251,TARLE CONSTRUCTION EQUIPMENTS PVT LTD,0,2,1,1,0,2,2,1,1,0,2,1,13
1252,TATA ADVANCED SYSTEMS LTD,63,64,56,21,34,36,10,7,0,22,20,37,370
1253,TATA HITACHI CONSTRUCTION MACHINERY COMP. PVT LTD,94,129,121,122,106,116,106,112,100,101,96,81,1284
1254,TATA HITACHI MACHINERY CONSTRUCTION LIMITED,1,0,0,0,0,0,0,0,0,0,0,0,1
1255,TATA INTERNATIONAL VEHICLE APPLICATIONS PVT LTD,0,0,0,7,10,7,0,1,14,0,0,0,39
1256,TATA MOTORS LTD,34422,32575,38154,34442,27469,27600,28430,29187,30475,33542,31132,27401,374829
1257,TATA MOTORS PASSENGER VEHICLES LTD,44906,38947,46656,40872,37709,34788,33538,34372,34706,43644,49157,38968,478263
1258,TATA PASSENGER ELECTRIC MOBILITY LTD,0,0,0,482,4248,4855,5057,4483,4135,5419,5007,4947,38633
1259,TAURUS ELECTRIC VEHICLES,14,43,19,22,34,30,21,38,34,19,15,57,346
1260,TBL ENTERPRISE,0,1,0,0,0,0,0,0,0,0,0,0,1
1261,TEJASGREEN AUTOMOTIVE PVT LTD,0,0,0,0,0,0,0,0,0,0,1,0,1
1262,TELCO LTD,0,0,0,0,0,2,0,0,0,0,0,0,2
1263,TELSA INC,0,0,0,0,0,0,1,0,0,0,0,0,1
1264,TEREX CORPORATION,0,0,1,1,0,0,0,0,0,0,0,0,2
1265,TEREX EQUIPMENT PVT LTD,0,0,0,0,0,0,0,0,2,1,0,0,3
1266,TEREX INDIA PRIVATE LIMITED,7,1,6,3,1,6,2,5,4,2,3,6,46
1267,TERRA MOTORS INDIA PVT LTD,558,613,635,488,571,639,784,850,1029,948,883,815,8813
1268,THE COMMERCIAL MOTORS LIMITED,5,5,5,11,1,27,0,0,2,0,0,2,58
1269,THE COMMERCIAL MOTORS PVT LTD,0,0,0,0,4,3,0,0,0,0,0,1,8
1270,THUKRAL ELECTRIC BIKES PVT LTD,563,512,591,469,543,491,529,582,760,684,741,856,7321
1271,TI CLEAN MOBILITY PVT LTD,0,2,0,12,20,9,62,133,219,211,278,327,1273
1272,TII INDIA PVT LTD,10,6,4,7,7,10,1,4,11,4,2,2,68
1273,TIL LIMITED,0,0,0,1,0,0,0,0,0,0,0,0,1
1274,TIRTH AGRO TECHNOLOGY PVT LTD,54,46,42,21,14,108,17,2,5,7,2,30,348
1275,TIRTH AGRO TECH.PVT.LTD,0,0,0,0,1,0,0,0,0,0,0,0,1
1276,TIRTH HYGIENE TECHNOLOGY PVT LTD,0,1,0,0,0,0,1,1,0,0,0,1,4
1277,TIRUPATI AGRO INDUSTRIES,0,0,0,1,0,0,0,0,0,0,0,1,2
1278,TOGOR ENGINEERING WORKS,0,0,1,2,0,0,0,0,0,0,0,0,3
1279,TOP TEAM MACHINES PVT LTD,157,93,120,160,117,126,144,137,149,244,142,154,1743
1280,TORK MOTORS PVT LTD,62,24,88,84,210,45,66,90,150,169,395,206,1589
1281,TOYOTA HIACE GL COMMUTER,1,0,0,0,0,0,0,0,0,0,0,0,1
1282,TOYOTA KIRLOSKAR MOTOR PVT LTD,11370,12815,16712,14554,15525,17067,16469,18527,19035,19616,18073,15197,194960
1283,TOYOTA MATERIAL HANDLING INDIA PVT LTD,5,15,9,5,17,19,18,20,11,15,7,29,170
1284,TPS INFRASTRUCTURE LTD,0,0,3,3,3,1,0,1,2,2,0,1,16
1285,TPS INFRASTRUCTURE LTD.,0,0,0,0,0,0,0,1,0,0,0,0,1
1286,TRACLAXX TRACTORS PVT LTD,23,18,35,0,0,23,31,30,0,4,0,1,165
1287,TRACLAXX TRACTORS PVT.LTD,0,0,1,0,0,0,0,0,0,1,0,0,2
1288,TRACTOR VANDANA GREEN,1,0,0,0,0,0,0,0,0,0,0,0,1
1289,TRANSPORT ENGINEERING SOLUTIONS INDIA PVT LTD,10,0,0,0,3,10,0,20,0,1,0,0,44
1290,TRATEC ENGINEERS PVT LTD,9,10,9,13,14,12,8,4,5,7,7,8,106
1291,TRATICO ENGINEERING INDIA PVT LTD,0,0,0,0,0,0,0,0,0,3,0,0,3
1292,TRIMURTI AGRO INDUSTRIES,2,2,1,1,0,0,0,1,0,1,2,4,14
1293,TRIMURTI INDUSTRIES,0,0,1,0,0,0,2,1,0,0,0,0,4
1294,TRIMURTI TRAILER,0,0,0,0,0,0,0,2,1,3,2,1,9
1295,TRINITY ELECTRIC VEHICLES PVT LTD,0,0,0,1,0,1,8,2,0,4,4,37,57
1296,TRISHIKA INDUSTRIES,86,70,123,86,204,130,111,152,114,109,108,68,1361
1297,TRISHUL TRACTORS PVT. LTD.,1,1,0,0,0,0,10,3,3,1,0,1,20
1298,TRIUMPH MOTORCYCLES (INDIA) PVT LTD,72,62,99,75,63,56,48,35,43,83,69,70,775
1299,TRUPART AUTOMOTIVE INDIA PVT LTD,0,0,0,0,0,0,0,7,0,2,0,1,10
1300,TRUZ INDUSTRIES,0,0,0,0,0,0,0,0,0,1,2,0,3
1301,TSM ENGINEERING PVT LTD,4,11,44,9,8,7,33,33,44,40,28,36,297
1302,TSR TRADE COM,6,5,3,1,4,0,0,3,1,0,5,2,30
1303,TUFAN MOTORS PVT LTD,39,57,74,40,58,93,82,99,92,115,121,117,987
1304,T U K INDUSTRIES,148,135,166,182,224,212,276,287,238,341,266,370,2845
1305,TULJABHAWANI AGRO INDUSTRIES,0,2,0,1,0,2,1,0,1,0,1,1,9
1306,TULSI TRAILER,1,0,1,1,1,0,0,0,2,0,1,3,10
1307,TUNWAL E MOTORS PVT LTD,6,5,2,4,1,5,8,1,4,4,0,4,44
1308,TVS MOTOR COMPANY LTD,210269,213776,241920,211351,255242,229144,215373,227413,231019,254474,368641,235493,2894115
1309,TWASHTRE AUTOMOTIVE PVT LTD,3,2,2,1,1,0,2,0,0,0,0,0,11
1310,TWINKLE TRADCOM PVT LTD,68,88,152,144,134,168,133,120,127,164,124,83,1505
1311,TWO FRIENDS AUTO ELECTRIC PVT LTD,307,267,354,290,319,442,299,300,329,274,300,367,3848
1312,TYST DRIVE INDIA PVT LTD,3,0,2,5,1,2,3,2,3,5,3,2,31
1313,ULTRAVIOLETTE AUTOMOTIVE PVT LTD,0,23,37,10,26,44,35,28,21,11,11,11,257
1314,UMA  AUTO INDUSTRIES PVT. LTD,4,1,6,3,17,21,21,8,12,19,15,10,137
1315,UMA MOTORS,8,7,15,21,29,22,14,24,16,15,15,25,211
1316,UNIPAVE ENGINEERING PRODUCTS,1,2,1,1,0,0,0,1,0,3,1,0,10
1317,UNIQUE AUTO ELECTRIC,0,0,0,0,0,0,0,0,0,0,0,26,26
1318,UNIQUE ENTERPRISES,177,190,303,163,253,251,323,311,461,399,341,408,3580
1319,UNIQUE INTERNATIONAL,845,826,1150,883,1121,1161,1301,1448,1324,1103,1191,1221,13574
1320,UNITED KINGDOM GROVE,0,0,0,0,2,1,1,0,1,2,1,0,8
1321,UNITED TRANSMOVERS PVT LTD,24,17,25,21,27,26,24,18,37,11,10,32,272
1322,U P TELELINKS LIMITED,3,0,0,0,0,0,0,0,0,0,0,0,3
1323,U.P. TELELINKS LIMITED,220,161,166,185,156,193,180,201,246,212,255,265,2440
1324,URWASHI ENTERPRISES,2,16,28,24,35,37,52,42,33,44,19,23,355
1325,UTKAL INDUSTRIES,0,0,0,1,0,0,3,0,0,0,0,1,5
1326,UTTAM CONSTRUCTION EQUIPMENTS,8,8,21,11,15,16,9,17,7,18,9,11,150
1327,VAHAK FUTURE SOLUTIONS LLP,0,1,3,0,0,1,0,0,1,0,4,13,23
1328,VALDO TRACTORS PVT LTD,0,0,0,0,0,0,0,3,0,1,0,0,4
1329,VANDANA TRAILORS AND BODY MFG PVT LTD,0,5,0,2,4,1,0,0,0,0,0,0,12
1330,VANI ELECTRIC VEHICLES PVT LTD,517,545,648,563,629,599,691,699,921,821,554,645,7832
1331,VASHAN AGRICULTURE WORKS,0,3,3,1,1,15,0,0,0,0,0,4,27
1332,VEANCO AUTOMOTIVES PVT LTD,2,0,1,0,0,0,8,0,0,0,0,0,11
1333,VE COMMERCIAL VEHICLES LTD,5870,5930,6904,7550,7265,6161,5536,5733,5965,6713,5816,5114,74557
1334,VE COMMERCIAL VEHICLES LTD (VOLVO BUSES DIVISION),3,23,16,33,17,22,14,20,25,31,27,15,246
1335,VEECTERO E VEHICLES LLP,4,22,12,26,13,12,17,12,10,11,8,24,171
1336,VEERA VAHANA UDYOG PRIVATE LIMITED,0,0,0,0,0,2,0,0,3,4,3,6,18
1337,VEERBHADRA ENGINEERING WORKS,0,1,0,0,0,0,0,2,2,10,4,6,25
1338,VEHICLE FACTORY JABALPUR,1,0,0,0,0,0,0,0,0,0,10,0,11
1339,VENKATESHWARA ENGINEERING WORK,1,1,0,3,0,3,1,2,0,8,14,7,40
1340,VENKATESHWAR AGRO INDUSTRIES,1,0,1,1,1,1,2,1,0,1,0,0,9
1341,VENUS AUTO WHEELS PVT LTD,51,39,63,41,48,65,56,55,55,47,29,25,574
1342,VENUS EQUIPMENT,5,10,6,4,9,13,7,2,6,8,11,10,91
1343,VERT EQUIPMENT PVT LTD,3,4,1,2,10,1,7,1,0,1,1,0,31
1344,VICTORIA E VEHICLES PVT. LTD,0,0,2,0,2,0,11,1,3,2,4,0,25
1345,VICTORY ELECTRIC INTERNATIONAL,273,248,314,207,253,315,282,337,280,320,240,252,3321
1346,VIDARBHA TRAILERS,2,0,0,1,1,1,3,12,2,13,3,5,43
1347,VIJAYA ELECTRIC AUTO PVT LTD,33,13,3,11,20,23,31,16,27,12,31,36,256
1348,VIJAY AGRICULTURAL INDUSTRIES,3,0,0,0,2,0,0,0,2,0,2,0,9
1349,VIJAYA INDUSTRIES,3,2,3,2,2,3,5,0,1,0,0,0,21
1350,VIJAYALAKSHIMI ENGG WORKS,0,1,0,1,0,0,0,0,0,0,0,0,2
1351,VIJAYALAKSHMI INDUSTRIES,1,0,0,0,2,0,0,0,0,1,0,1,5
1352,VIJAY ENGINEERING WORKS,1,1,4,3,1,1,1,1,0,0,3,1,17
1353,VIJAYLAXMI ENGINEERING,0,0,0,0,9,7,0,0,0,1,0,0,17
1354,VIJAYS ENERGY INDUSTRIES (INDIA) PVT LTD,254,269,475,430,354,435,409,476,408,439,388,470,4807
1355,VIJAYSHREE AUTOCOM LIMITED,25,13,19,7,16,14,13,26,11,12,12,13,181
1356,VIJEX STEEL FABRICATION,0,0,0,0,0,4,0,0,0,0,2,5,11
1357,VIKAS AGRO INDUSTRIES,0,0,0,0,0,2,0,0,0,0,0,0,2
1358,VIKRANT ENGINEERING,7,7,7,9,6,3,8,2,4,3,5,9,70
1359,VIMAL UNIVERSAL TRADE PVT LTD,42,41,62,62,102,79,81,99,80,89,51,43,831
1360,VINA ENGINEERING WORKS,2,2,4,0,4,1,1,3,0,1,0,8,26
1361,VINCI INDUSTRIAL CORPORATION,0,0,0,1,2,1,2,5,11,8,5,4,39
1362,VINTAGE VEHICLES,91,52,16,30,34,60,74,32,13,10,15,38,465
1363,VISHALA E-VEHICLES INDUSTRIES PRIVATE LIMITED,1,0,2,3,4,17,32,20,3,3,4,3,92
1364,VISHAL AGRICULTURAL WORKS,3,3,2,3,2,18,0,0,0,1,1,1,34
1365,VISHAL ENTERPRISES,4,2,0,5,7,5,4,7,0,0,1,1,36
1366,VISHAVKARMA ENGINEERING WORKS,43,45,71,17,3,27,2,1,8,15,3,6,241
1367,VISHVAS TRACTORS LTD.,0,0,0,0,0,0,0,1,0,2,1,0,4
1368,VISHWAKARMA AGRICULTURE UDHYOG,15,15,32,4,9,5,3,2,7,18,14,13,137
1369,VISHWAKARMA GNG INDUSTRY,2,3,4,0,7,8,14,35,10,12,12,16,123
1370,VISHWARUP ENTERPRISE,0,1,1,0,0,0,0,4,0,2,0,2,10
1371,VISHWAS EQUIPMENT,0,0,0,0,0,0,0,0,0,0,1,0,1
1372,VISWAKARMA AGRO INDUSTRIES,1,1,1,0,1,0,0,0,1,0,0,0,5
1373,"VISWANATH INDUSTRIES,BBSR",1,2,8,3,7,0,4,3,4,6,5,5,48
1374,VITAN JAGADA AUTOMOBILE PVT LTD,0,3,0,0,0,0,0,0,0,0,0,0,3
1375,VMP CONCRETE EQUIPMENTS PVT LTD,0,0,0,0,0,0,0,0,1,0,0,0,1
1376,VMT INDUSTRIES PVT LTD,12,16,17,24,14,20,13,31,17,28,15,12,219
1377,VOLKSWAGEN AG,0,0,1,0,0,0,0,0,0,0,0,0,1
1378,VOLKSWAGEN INDIA PVT LTD,1,3,0,3,3,0,1,0,1,1,0,0,13
1379,VOLTAS LIMITED,0,0,0,20,0,6,0,0,0,0,0,7,33
1380,VOLVO AUTO INDIA PVT LTD,194,155,200,159,161,156,138,160,186,188,232,191,2120
1381,VOLVO CE INDIA PRIVATE LIMITED,36,39,58,49,60,34,52,54,43,55,44,45,569
1382,"""VOLVO GROUP INDIA PVT LTD""",57,88,127,64,79,122,56,100,159,85,128,114,1179
1383,VOLVO GROUP TRUCKS CENTRAL EUROPE GMBH,0,2,0,0,0,0,0,0,1,0,0,0,3
1384,VOLVO TRUCKS CORPORATION,1,1,2,1,0,0,0,0,0,4,0,0,9
1385,VRINDA ENTERPRISES,30,45,104,78,91,64,96,104,135,136,119,78,1080
1386,VST MOTER INDIA COMPANY,0,0,0,0,0,0,0,0,2,0,0,0,2
1387,V.S.T. TILLERS TRACTORS LIMITED,568,463,427,309,281,289,699,569,279,298,188,288,4658
1388,V.T. ENGINEERING,1,0,1,1,0,2,0,2,0,0,2,0,9
1389,V.V.A.AUTO INDUSTRIES PVT.LTD,6,1,1,9,1,1,1,1,0,0,3,2,26
1390,WARDWIZARD INNOVATIONS & MOBILITY LIMITED,157,215,260,296,364,440,458,526,690,907,1188,1409,6910
1391,WARIVO MOTOR INDIA PVT LTD,0,0,0,0,0,1,0,0,0,0,0,0,1
1392,WASAN E-MOBILITY SOLUTIONS PVT LTD,4,9,9,0,2,3,10,9,18,8,4,4,80
1393,WASIM MEERA ENGG WORKS,3,2,1,2,3,2,1,2,0,0,1,1,18
1394,WELKIN HEALTHCARE PVT LTD,1,1,1,0,11,4,0,5,3,1,0,3,30
1395,WHITE CARBON MOTORS PVT LTD,9,6,4,8,0,3,3,1,1,3,3,1,42
1396,WILLYS INDIA LTD,1,0,0,0,0,0,0,1,0,0,0,0,2
1397,WIRTGEN INDIA PVT LTD,34,33,40,23,34,43,37,31,49,48,16,41,429
1398,WISENT INFRATECH LLP,3,3,4,0,3,2,3,3,2,3,2,4,32
1399,WOX COOLERS PVT LTD,0,1,0,0,1,0,0,0,0,0,0,0,2
1400,WUXI DONGMA (IMPORTER: DYNAM PRECISION),0,1,4,2,0,0,1,1,1,2,3,0,15
1401,WUXI JIYAYI (IMPORTER: IZANAU ELECTRIC LLP),18,21,28,36,36,22,20,23,7,40,16,8,275
1402,WUXI MAYA (IMPORTER: DYNAMO ELECTRIC P. LTD.),0,0,0,0,0,0,0,0,0,0,0,4,4
1403,WUXI NOOMA (IMPORTER: SMARTNK  ELECTRIC VEHICLE),0,0,0,0,0,3,1,4,1,0,0,1,10
1404,WUXI SAIGE ELECTRIC (IMPORTER: DELTA AUTOCORP LLP),11,10,9,10,6,19,11,13,32,25,24,12,182
1405,WUXI SAIGE ELECTRIC (IMPORTER: GLORIOUS DIGITAL),5,8,10,4,1,7,5,4,1,5,2,2,54
1406,WUXI SAIGE (IMPORTER: DM GREEN ENERGY),0,0,0,0,0,0,5,14,12,12,15,10,68
1407,WUXI SAIGE (IMPORTER: ELECTRO-TECH),0,0,0,0,0,0,2,1,1,1,1,2,8
1408,WUXI SAIGE (IMPORTER: E-VISHWA ELECTOBIKE),0,1,1,0,3,1,1,4,1,1,2,0,15
1409,WUXI SAIGE (IMPORTER: NGAGE IMPEX),0,0,0,0,0,0,0,0,0,1,0,1,2
1410,WUXI SAIGE (IMPORTER: WARIVO MOTOR),0,0,3,3,1,1,2,0,0,160,97,161,428
1411,WUXI SAIGE (IMPORTER: ZELIO AUTO PVT.LTD.),0,0,0,0,0,0,0,0,0,0,4,0,4
1412,WUXI SHENGBAO (IMPORTER:ELECTRIC ONE ENERGY),0,0,0,0,0,0,0,0,0,0,0,1,1
1413,WUXI TENGHUI (IMPORTER: BOHRE ELECTRIC),0,0,0,0,0,0,0,0,1,4,22,10,37
1414,WUXI TENGHUI (IMPORTER: CAL-ON INDUSTRIES),0,0,0,0,0,0,0,0,0,4,0,0,4
1415,WUXI TENGHUI (IMPORTER: FEZORA INDIA),0,0,0,0,2,1,2,5,4,9,8,4,35
1416,WUXI TENGHUI (IMPORTER: FLYCON MOTORS),0,0,4,4,5,6,4,5,10,10,7,17,72
1417,WUXI TENGHUI (IMPORTER: FRANKLIN EV INDIA),0,0,0,0,0,0,0,1,4,6,9,2,22
1418,WUXI TENGHUI (IMPORTER: HOP ELECTRIC MOBILITY),0,0,0,6,4,27,50,42,74,73,62,51,389
1419,WUXI TENGHUI (IMPORTER: JAIDKA POWER),0,0,0,0,1,0,3,0,3,0,1,0,8
1420,WUXI TENGHUI (IMPORTER: RADHA MOBILITIES LLP),0,0,0,1,0,0,0,0,0,1,0,0,2
1421,WUXI TENGHUI (IMPORTER: REMARK ELECTRIC),0,0,0,0,0,0,0,4,6,2,0,0,12
1422,WUXI TENGHUI (IMPORTER: SEEKA E MOTORS),14,18,8,15,21,23,37,20,16,50,38,18,278
1423,WUXI TENGHUI INTERNATIONAL (IMPORTER: FEZORA),0,0,0,0,0,0,1,1,3,3,7,2,17
1424,WUXI TENGHUI INTERNATIONAL (IMPORTER: FRANKLIN EV),0,1,1,0,0,0,3,0,0,5,0,2,12
1425,WUXI TOURWE (IMPORTER: GOREEN E-MOBILITY),0,0,0,4,14,24,50,37,80,40,49,18,316
1426,XCMG CONSTRUCTION MACHINERY CO. LTD.,1,0,0,0,0,0,0,0,0,0,0,0,1
1427,XPLORE AUTOMOTIVE PVT LTD,0,0,0,0,0,2,0,0,0,0,0,0,2
1428,"XUZHOU CONSTRUCTION MACHINERY GROUP CO. LTD, CHINA",4,9,12,3,18,16,11,11,13,11,28,21,157
1429,XXPLORE AUTOMATIVE PVT LTD,2,0,0,0,0,0,0,0,0,0,0,0,2
1430,XXPLORE AUTOMOTIVE PVT. LIMITED,0,0,1,0,3,0,0,2,0,0,0,0,6
1431,XYZ1,5,4,5,2,7,9,4,12,4,4,67,11,134
1432,XYZ2,0,0,1,0,0,0,1,1,1,1,2,1,8
1433,YAARI AUTOMOBILES PVT LTD,0,0,0,0,0,0,0,0,0,0,0,3,3
1434,YAGYAPRIYAA CONSTRUCTION EQUIPMENT INDIA PVT LTD,2,2,2,1,1,2,1,1,1,0,0,0,13
1435,YANGGUANG LINGMU (IMPORTER: DAWNGATE BUSINESS),3,4,1,0,0,2,0,2,0,1,2,1,16
1436,YANGGUANG LINGMU (IMPORTER: DURGA FILTERS),2,2,0,2,3,0,0,0,0,0,0,0,9
1437,YANGGUANG LINGMU (IMPORTER: ECOINDIA),1,1,0,0,2,0,0,0,0,0,0,0,4
1438,YANGGUANG LINGMU (IMPORTER: FLYCON MOTORS),0,0,5,5,2,4,7,8,8,5,4,13,61
1439,YANGGUANG LINGMU (IMPORTER: REMARK ELECTRIC),4,1,2,4,3,2,5,5,0,0,0,1,27
1440,YANGGUANG LINGMU (IMPORTER: XWLS ELECTRIC),0,0,0,0,0,0,0,8,0,0,2,1,11
1441,YASH AGRO ENGINEERING WORKS,2,0,3,1,5,0,1,2,0,1,2,0,17
1442,YC ELECTRIC VEHICLE,2392,2620,3101,2839,3244,3471,3594,3986,3991,4068,3690,3818,40814
1443,YC ELECTRIC VEHICLE PVT LTD,11,8,2,0,0,0,0,0,0,0,0,0,21
1444,YOUYAKU ELECTRIC (IMPORTER: HOUSTAN INNOVATION),0,0,0,0,0,0,4,3,9,7,36,23,82
1445,YOUYAKU ELECTRIC (IMPORTER:IME VEHICLES PVT LTD),0,0,0,0,0,3,8,14,46,43,22,82,218
1446,YOUYAKU ELECTRIC (IMPORTER:NEWTRON ELECTRIC),0,0,0,0,0,0,0,0,2,2,13,19,36
1447,YOUYAKU ELECTRIC (IMPORTER:ONZO EV),0,0,0,0,0,0,2,6,3,2,2,5,20
1448,YOUYAKU ELECTRIC (IMPORTER: SASDAL ENTERPRISES),0,0,0,0,5,4,6,8,11,14,19,13,80
1449,YOUYAKU ELECTRIC (IMPORTER: TVISI ELECTRIC),0,0,0,0,0,0,0,0,0,0,1,1,2
1450,ZAP (HK) (IMPORTER: IZANAU ELECTRIC),6,0,5,8,9,19,9,5,18,21,12,16,128
1451,ZAP (IMPORTER:ELLYSIUM AUTOMOTIVES PVT LTD),2,4,2,7,1,3,0,1,1,4,0,7,32
1452,ZENIAK INNOVATION INDIA LTD,137,116,134,114,195,227,228,302,394,432,280,277,2836
1453,ZENMO PRIVATE LIMITED,0,1,0,0,0,0,0,0,0,0,0,0,1
1454,ZENTHIUM EV PVT LTD,27,31,30,43,64,44,50,87,87,87,72,98,720
1455,ZEOPLUS AXIS INDIA PVT. LTD.,159,105,233,163,270,245,319,330,417,457,393,472,3563
1456,ZERO 21 RENEWABLE ENERGY SOLUTIONS PVT LTD,0,0,1,0,1,1,2,1,1,0,0,4,11
1457,ZESAR MOTORS PVT LTD,0,0,0,0,0,1,27,0,0,0,9,0,37
1458,ZHEJIANG CFMOTO (IMPORTER: ADISHWAR AUTO),5,5,8,10,8,5,3,7,5,4,5,5,70
1459,ZHEJIANG CHANGLING (IMPORTER: ADISHWAR AUTO),41,37,33,24,20,16,15,13,15,13,17,16,260
1460,ZHEJIANG LUYUAN (IMPORTER: DYNAM EV TECH),2,5,5,3,3,4,7,3,4,3,6,0,45
1461,ZHEJIANG MORNI (IMPORTER: ADISHWAR AUTO),4,0,2,6,1,1,0,1,2,2,2,0,21
1462,ZHEJIANG QIANJIANG (IMPORTER: ADISHWAR AUTO),5,3,11,10,4,7,2,4,14,7,15,4,86
1463,ZHEJIANG TIANYING  (IMPORTER: NEWTRON ELECTRIC),1,2,16,8,6,7,7,2,4,3,6,2,64
1464,ZOHAN TRADERS AND BIG METRO,5,4,15,13,12,34,16,12,5,5,4,6,131
1465,ZOOMLION INDIA PVT LTD,10,14,11,9,8,15,17,27,21,13,11,13,169
1466,ZUBEDA TROLLY REPAIRING WORKS,0,0,0,0,0,0,0,17,10,9,4,0,40
